Date,NumberOfTickerMentions,Ticker,Title,Vader Neg,Vader Neut,Vader Pos,textblob Negative,textblob Neut,textblob Positive
27-01-1900,11,GME,GME YOLO update â€” Jan 27 2021 --------------------------------------- guess i need 102 characters in title now,62,280,155,127,227,143
27-01-2021,8,GME,AOC got our backs,68,259,174,107,196,198
28-01-2021,21,GME,Can we all take a moment and appreciate the Mods who have grinded through this and held our community together. Thank you.,39,235,224,67,258,173
27-01-2021,18,GME,PREACH,94,266,129,133,172,184
26-01-2021,21,GME,GME YOLO update â€” Jan 26 2021,75,284,139,117,224,157
27-01-2021,14,GME,"I can now write my mom a check and put my sister through lymes treatment. This has been a very rough year, but Iâ€™m so thankful for every single one of you.",56,231,197,99,129,256
28-01-2021,30,GME,Where do we go from here and who is going to step up to help us?,89,272,134,152,178,165
27-01-2021,16,GME,CNBC Gives Billionaires A Pass But Calls For Regulation When The Little Guy Makes Money,86,281,127,140,164,190
27-01-2021,16,GME,Some dickhead on CNN said the government should ban people for talking about the stock market on the internet. This ainâ€™t China bro,117,274,105,144,186,166
27-01-2021,23,GME,This is us 2030,67,256,147,114,200,156
27-01-2021,23,GME,Honorary WSB Autist award goes to Chamath Palihapitiya! He is out here defending us retail investors and calling out hedge funds for their manipulation and bullshit practices that have left retail holding the bag for YEARS. GME goingðŸš€ðŸš€ðŸš€ðŸš€ðŸš€ðŸš€,70,276,149,120,175,200
22-01-2021,36,GME,GME YOLO update â€” Jan 22 2021,66,272,160,128,175,195
27-01-2021,22,GME,DFV(u/DeepFuckingValue) Just Got A Shoutout From Our Favorite Analyst,51,248,153,88,190,174
25-01-2021,25,GME,GME YOLO update â€” Jan 25 2021,68,297,131,113,212,171
23-01-2021,23,GME,I love you guys ðŸ˜˜,49,280,168,120,173,204
27-01-2021,43,GME,So much for college ðŸ¤£,76,263,160,124,178,197
26-01-2021,26,GME,"6M in GameStop GME. Following through. Canâ€™t stop, wonâ€™t stop, lift off",71,277,150,113,193,192
27-01-2021,26,GME,Bought at the top to encourage you retards to not give up,87,247,150,121,204,159
27-01-2021,27,GME,WSB Hedge Fund,64,257,163,102,235,147
25-01-2021,12,GME,Can I get a flair for buying GME at the literal top ($155.29)?,73,264,152,99,224,166
27-01-2021,20,GME,GME Endgame,60,256,178,126,153,215
27-01-2021,16,GME,Chamath Palihapitiya schools Scott Wapner on what the real issue is. CNBC didn't upload this on youtube!,115,274,109,157,135,206
28-01-2021,15,GME,WSB'S REVENGE - CALLING ALL ðŸ¦ðŸ¦ðŸ¦ TO KEEP YOUR ðŸŒðŸŒðŸŒ AWAY FROM THE ðŸðŸðŸ,66,259,174,113,219,167
03-01-2021,3,GME,sounds right,84,259,151,104,189,201
27-01-2021,9,GME,When you read fake news on CNBC that Melvin supposedly closed out,100,280,106,135,198,153
27-01-2021,16,GME,DONT FALL FOR THE FAKE BS REPORT BY CNBC,93,262,141,164,164,168
28-01-2021,28,GME,None of these individuals are part of Wallstreet Bets. Nobody speaks for WSB.,106,267,125,160,185,153
26-01-2021,8,GME,$500 Donation For Every $50 Increase in GME Price. $1000 Donation To St Jude So Far ðŸ’ŽðŸ™ŒðŸš€,26,259,205,94,183,213
13-01-2021,25,GME,GME YOLO update â€” Jan 13 2021,66,288,136,108,231,151
26-01-2021,29,GME,He is one of us!,63,277,153,115,210,168
26-01-2021,10,GME,IM GONNA CUM!ðŸš€ðŸš€,99,247,152,138,211,149
10-01-2021,7,GME,Wallstreetsbets getting infiltrated by CCP?,103,268,125,144,184,168
14-01-2021,5,GME,I spent four hours writing Hamilton-themed PLTR propaganda and I was told by the mods I needed to rap it myself for it to stay up so I apologize in advance for what you are about to hear.,46,251,201,85,188,225
27-01-2021,6,GME,"The GME Thread, Part 3.14, for January 27, 2021",94,283,114,192,146,153
18-01-2021,1,GME,Good Gourd,84,266,136,101,218,167
27-01-2021,3,GME,I want to thank you guys for saving my best friends life!,31,189,229,57,166,226
24-01-2021,14,GME,How'd you guys manage to win so big it made these old guys drown in their tears?,98,278,118,130,182,182
15-01-2021,20,GME,Don't relent now boys. I just bought 1000 on margin. ðŸš€,68,260,159,96,214,177
26-01-2021,42,GME,Someone is actively driving attention to non-GME posts on reddit. Don't be fooled comrades. ðŸ’ŽðŸ™ŒðŸš€ðŸš€ðŸš€,76,275,145,140,204,152
07-01-2021,6,GME,"Elon Musk is now the richest person in the world, passing Jeff Bezos",88,254,154,104,213,179
19-01-2021,12,GME,The Tendieman - Lyrics and video by u/quigonshin,34,260,184,59,209,210
28-01-2021,9,GME,I see dead hedge funds,39,192,97,68,143,117
27-01-2021,11,GME,POWER TO THE PLAYERS,32,153,86,43,142,86
26-01-2021,35,GME,GME EndGame part 3: A new opponent enters the ring,76,278,139,154,145,194
26-01-2021,21,GME,This Autist filed an SEC complaint against Melvin Capital. It aint much but its honest work.,91,264,126,119,205,157
14-01-2021,11,GME,Watching everyone post millions in Gain Porn as I continue to hold my 15 GME shares.,47,244,201,89,222,181
26-01-2021,15,GME,Our favorite analyst has spoken!,63,275,153,100,212,179
27-01-2021,14,GME,Even the MOOCH knows weâ€™re coming for the suits!!!,86,194,77,92,167,98
26-01-2021,24,GME,Elon is Lurking the WSB Discord,88,276,131,103,226,166
25-01-2021,10,GME,IM NOT SELLING THIS UNTIL AT LEAST $1000+ GME ðŸš€ðŸš€ðŸš€ðŸš€ðŸš€ðŸš€ BUCKLE THE FUCK UP,106,270,117,158,187,148
19-01-2021,17,GME,GME YOLO update â€” Jan 19 2021,62,282,146,109,233,148
27-01-2021,15,GME,GME price is too damn low !,52,227,91,60,211,99
26-01-2021,7,GME,"Financial Times of London quoting u/openposition69, what is happening? ðŸš€ðŸš€ðŸš€",73,247,151,106,192,173
24-01-2021,9,GME,Boys we are literally going to the moon!,76,267,104,110,205,132
13-01-2021,3,GME,Who's in control here? We are! ðŸš€ðŸš€ðŸš€ðŸ¤‘ðŸ¤‘ðŸ¤‘ðŸŒ•ðŸŒ•ðŸŒ•,58,310,127,108,252,135
21-01-2021,24,GME,The face of a man days from bankruptcy,95,270,128,128,185,180
27-01-2021,10,GME,PAPA Chamath!â¤,36,141,54,49,104,78
27-01-2021,13,GME,I have hit a million! GME to the moon!ðŸš€ðŸš€ðŸš€ðŸš€ðŸš€ðŸš€ðŸš€ðŸš€ðŸš€ðŸš€ðŸš€ðŸš€ðŸš€ðŸš€ðŸš€ðŸš€ðŸš€ðŸš€ðŸš€ðŸš€ðŸš€ðŸš€ðŸš€ðŸš€ðŸš€ðŸš€ðŸš€ðŸš€ðŸš€ðŸš€,44,238,155,112,166,159
04-01-2021,1,GME,When you find out that the founder of your largest e-commerce competitor is missing,104,268,108,118,206,156
21-01-2021,12,GME,WSB gets emotional on Mad Money,68,277,147,137,159,196
25-01-2021,29,GME,We fucking did it bois,85,256,157,139,174,185
26-01-2021,11,GME,Target Acquired,77,262,135,103,256,115
27-01-2021,3,GME,Chamath Palihapitiya - Thanks for supporting us at NBC today,41,179,132,70,145,137
27-01-2021,6,GME,"6 days ago : ""If GME reaches 200 by end of year I will get this tattooed on my ass"" - /u/Camel-Kid",82,195,82,54,215,90
22-01-2021,32,GME,First 20 bagger! GME to 100 EOW,66,271,158,116,199,180
28-01-2021,21,GME,"Why AMC, Blackberry, Nok went down during after hours",87,271,140,122,204,172
22-01-2021,11,GME,Ladies and Gentlemen... We got him.,85,296,107,122,216,150
06-01-2021,3,GME,Papa Musk watching the Q4 delivery numbers roll in,47,209,95,70,176,105
27-01-2021,64,GME,Me selling all my NOK and AMC to buy GME,49,251,189,76,217,196
27-01-2021,2,GME,Recording of GME rocket lift off. Kramer losing his mind.,38,166,222,65,230,131
27-01-2021,53,GME,$NOK $BB $BBBY $GME $AMC $EXPR,50,208,87,73,149,123
09-01-2021,5,GME,TSLA - Best $100K Iâ€™ve ever spent. When do I hop off the tendie coaster???,72,273,148,115,164,214
27-01-2021,35,GME,Curious why Papa Elon is shilling $GME? Itâ€™s because Melvin Capital shorted $TSLA for years and bragged about it.,64,256,177,106,216,175
26-01-2021,19,GME,City AMâ€™s headline is a beaut.,96,277,122,128,202,165
20-01-2021,22,GME,SHITRON JUST REMEMEBERED THAT THE INAUGURATION IS TAKING PLACE!,91,262,131,134,205,145
27-01-2021,32,GME,We are tired of Market Manipulators and corrupted media. This is time to act,80,303,116,138,180,181
26-01-2021,23,GME,This is personal. For all of us.,76,274,144,134,168,192
19-01-2021,25,GME,Shitron Attacking begins.,108,270,110,161,175,152
28-01-2021,26,GME,"Thank you, Dr. Burry",67,222,107,107,139,150
30-12-2020,4,GME,For everyone asking for more information on what trading options is like,57,191,104,75,160,117
06-01-2021,5,GME,When the markets hit an all-time high and you don't want anyone to notice that you're not doing well,77,253,117,88,181,178
15-01-2021,15,GME,GME Comrades! Prepare to receive your mission!,71,229,169,101,173,195
27-01-2021,7,GME,No Shame - All in $GME. -If this baby finishes above a grand by the end of Feb - I will personally fly down to NY and lick the ball of the Wall Street bull. You have my promise. I fucking love you guys,40,221,113,57,188,129
20-01-2021,10,GME,This is the king of energy we need.,76,243,126,92,196,157
27-01-2021,6,GME,Last post got removed. Yesterday I posted a $2.5MM LOSS on GME but ðŸ’ŽðŸ™Œed. Today Iâ€™m posting a $7.8MM GAIN. Still holding.,44,241,143,81,184,163
27-01-2021,1,GME,The GME Afterhours Thread: Part 4.20 on 27 January,98,261,142,183,119,199
27-01-2021,23,GME,UPDATED JAN 27TH SHORT INTEREST DATA POSTED BY S3 PARTNERS THIS MORNING,96,268,132,142,204,150
26-01-2021,16,GME,Melvin is down another 25% on $GME,93,285,120,159,210,129
27-01-2021,23,GME,People will try to gaslight you into believing that playing $GME is wrong or something to be ashamed of. But keep the following in mind...,72,256,141,120,141,208
28-01-2021,18,GME,I SAY WHEN WE SELL!,65,254,127,104,201,141
23-01-2021,21,GME,"Boomer Old Money has bled and will get dirty going forward. Donâ€™t be an idiot, Donâ€™t poke the beehive with tweets, phone call harassment or callouts. Keep our head down and nose to the grindstone.",84,297,113,173,141,180
08-01-2021,5,GME,A true Autist. $TSLA,90,246,158,129,158,207
27-01-2021,6,GME,Fuck these fools FIRE IT UP!!,27,79,129,32,125,78
23-01-2021,10,GME,This week literally changed my life,66,246,181,88,170,235
05-01-2021,1,GME,Trading exclusively in virtual reality now because I live in a cardboard box.,39,209,120,58,175,135
26-01-2021,15,GME,Raise your diamond hands!!,54,273,137,85,247,132
07-01-2021,2,GME,They found Jack Ma... BABA ðŸš€ðŸš€ðŸš€,67,269,119,78,247,130
26-01-2021,24,GME,An open letter to CNBC,88,285,121,142,167,185
18-01-2021,23,GME,The Big F*cking Short Squeeze - Out 19th January ðŸš€ðŸ’ŽðŸ¤²ðŸš€,71,269,148,123,200,165
17-01-2021,10,GME,WSB is hands down the best internet community ever.,118,268,93,129,223,127
31-12-2020,11,GME,You guys need to stop wasting money on useless Reddit awards and buy GME shares,57,252,186,113,228,154
27-01-2021,3,GME,WE JUST NEED TO HOLD AND WE WILL FEEL LIKE ELON THAT DAY! LEEEETS GOOOO! ðŸš€ðŸš€ðŸš€ Btw love u guys very much!!,19,125,80,28,127,69
02-01-2021,2,GME,It literally can't go tits up,79,261,127,103,234,130
26-01-2021,16,GME,This could be huge,62,304,118,107,222,155
27-01-2021,3,GME,GME: Gamestonk Thread,110,267,115,144,176,172
26-01-2021,24,GME,Everyone tomorrow when the market opens. AKA GME.,68,290,140,121,208,169
26-01-2021,4,GME,Fox Business,75,246,139,104,208,148
27-01-2021,7,GME,"Just put $200,000 in GME shares ðŸš€",36,242,109,62,213,112
31-12-2020,3,GME,I'm the guy that went from 2k to 100k in a month. Ended 2020 with a bang. Intraday ATH of 230k. Lost most with PLTR 12/31 30c. Chased the rest to 0 with random weeklies. Roast the fuck out of me.,83,286,120,112,205,172
26-01-2021,16,GME,WSB community holding onto $GME til $1000 against an army of hedge fund managers,77,237,120,105,194,135
25-01-2021,5,GME,"GME Thoughts, YOLOs, Gains, Stonk Updates, ðŸš€ðŸš€ðŸš€: they all go here. Jan 25 edition.",98,264,123,118,199,168
14-01-2021,19,GME,GME YOLO update â€” Jan 14 2021,65,265,162,108,216,168
27-01-2021,26,GME,"If $GME reaches $2,000 per share, our king u/DeepFuckingValue will be worth more than GME's market cap ($260M) when he first bought in (July 2020)",74,271,151,107,213,176
30-12-2020,11,GME,Let's prove this mf wrong,88,255,133,115,199,162
26-01-2021,27,GME,WSB Has Singlehandedly Restructured Risk Management Models,96,261,136,132,183,178
24-01-2021,42,GME,The GME Journey Doesn't End Here,62,272,158,105,211,176
04-01-2021,2,GME,"'Palantir technologies, yes. 5000 shares.'",65,290,118,90,215,168
09-01-2021,1,GME,TSLA 1103% gain. Never selling,79,238,164,116,162,203
27-01-2021,23,GME,Citadel realizes how smooth brained Melvin Capital really is,79,241,123,98,153,192
27-01-2021,6,GME,"What Are Your Moves Tomorrow, January 28, 2021",105,283,111,139,188,172
04-01-2021,1,GME,NOTHING IS BEYOND REACH OF OUR AUTISM,29,177,109,40,174,101
28-01-2021,14,GME,20 years from now...,55,220,108,81,161,141
01-01-2021,2,GME,HAPPY NEW YEAR WSB ðŸš€ðŸš€ðŸš€ðŸš€,81,273,128,93,217,172
27-01-2021,27,GME,THEY ARE SHUTTING US OUT,127,224,96,145,153,149
25-01-2021,20,GME,PSA: Always understate your gains to friends and family,60,244,189,92,155,246
28-01-2021,13,GME,"If we all come up with a dollar or two, we could get the best securities lawyers on retainer for a class action if the SEC pulls shenanigans",67,211,152,103,155,172
26-01-2021,24,GME,Founder of Reddit tells Chamath Palihapitiya to buy $GME ðŸš€ðŸš€ðŸš€,87,271,139,114,222,161
21-01-2021,23,GME,Ode to GME. Holding my 14.56 shares.,61,264,166,97,222,172
25-01-2021,22,GME,WHO'S READY FOR MONDAY ðŸš€ðŸš€ðŸš€,56,283,145,112,211,161
13-01-2021,9,GME,"THX TO WSB AND GME I CAN FINALLY GIVE BACK TO MY 70 YEARS OLD DAD, I WILL BE HELPING TO PAY FOR HIS NEW ROOF, HE WAS SO SCARED OF NOT BEING ABLE TO PAY. I LOVE YOU WSB. REALLY! WE ARE GOING TO THE MOON ðŸš€ðŸš€ðŸš€ðŸš€",62,234,170,112,190,164
27-01-2021,55,GME,There is a coordinated bot attack happening on WSB/new right now,88,239,109,115,148,173
26-01-2021,6,GME,"The GME Thread Part 3 for January 26, 2020",83,295,123,175,129,197
25-01-2021,17,GME,Last post got removed. If I can hold so can you. ðŸ’ŽðŸ™Œ,80,265,151,114,200,182
25-01-2021,15,GME,One of us on CNBC. QuirkyMushroom you famous bro.,104,249,114,155,170,142
27-01-2021,5,GME,WE LIKE THE STOCK,29,106,93,46,108,74
26-01-2021,24,GME,GME DRIPPING,37,153,75,65,126,74
22-01-2021,4,GME,GMREEEEEEEEEEEE Containment Thread - GME shitposts go here,100,260,134,150,187,157
27-01-2021,1,GME,"""2.3 million people as important or more important than Hedge fund"" CHAMATH IS WITH WSB.",40,101,64,44,86,75
27-01-2021,43,GME,Stop trying to use WSB as your personal pump and dump scheme. What is happening to GME hasnâ€™t happened in 12 years and isnâ€™t the same as anything else right now.,68,210,106,123,94,167
24-01-2021,24,GME,Joining WSB for the first time,46,245,148,55,222,162
26-01-2021,2,GME,"The GME Thread Part 1 for January 26, 2021",82,281,132,136,200,159
27-01-2021,3,GME,"The GME Thread, Part 2.1, for January 27, 2021",98,277,119,155,148,191
17-01-2021,35,GME,(GME DD) One DD to rule them. One DD to find them. One DD to to bring them all and in the darkness bind them.,56,237,205,114,165,219
27-01-2021,4,GME,"Mod Appreciation Post. A highly stressful, non paying job.",22,119,102,39,80,124
26-01-2021,1,GME,"The GME Thread Part 2 for January 26, 2021",82,284,131,134,195,168
14-01-2021,22,GME,"GME shorts get crushed as explained by Cramer ... big WSB shout out, the first of two in the show tonight",77,291,124,115,209,168
20-01-2021,10,GME,An alarm clock app that Yoloâ€™s money into stocks every time you hit snooze,72,240,137,78,221,150
28-01-2021,19,GME,Tonight showed how much the average retail investor can do,78,254,163,110,226,159
27-01-2021,18,GME,"WARNING: brokers coordinated attack is going on, they close off pretending technical difficulty to manipulate the market and help their hedge fund friends! Donâ€™t fall for it, hold your position! To the moon! ðŸš€",104,214,89,131,149,127
01-01-2021,2,GME,I love my Dad. This is where he put his X-Mas Gift.,29,144,77,32,149,69
21-01-2021,19,GME,Citron video summarized,78,228,122,107,160,161
26-01-2021,6,GME,DeepfuckingValue teaching the young autists,25,98,54,43,76,58
25-01-2021,27,GME,Today was a coordinated attack by institutions against the longs. Here's how it played out.,85,276,136,126,183,188
24-01-2021,24,GME,Ryan Cohen discovers WSB,62,235,145,107,172,163
26-01-2021,18,GME,"I'm in tears, already life changing money is turning into destiny changing money! 10k->750k GME STILL HOLDING ðŸ’Ž ðŸ™Œ ðŸš€",46,234,179,90,162,207
10-01-2021,7,GME,What half of the DDs posts sound like to me,50,232,101,60,199,124
26-01-2021,22,GME,GME - Listen to this german guy: The most important thing until Friday.,87,263,145,136,190,169
27-01-2021,21,GME,"It took 9 years for wsb to reach 2 million degens, 500k joined in the last 3 days",73,265,119,105,197,155
25-01-2021,29,GME,$BB At The $GME Refuelling station ðŸš€ðŸš€ðŸš€,59,271,158,107,252,129
19-01-2021,2,GME,GME Thread: The Wreckoning,69,294,132,150,154,191
22-01-2021,2,GME,Welcome to Reddit r/Wallstreetbets : The best place on the internet to get tips on traditional Mongolian Basket Weaving.,21,147,70,34,130,74
21-01-2021,17,GME,Hahahaha,111,254,109,130,175,169
25-01-2021,9,GME,Some GME gain porn (not fucking selling),78,244,145,120,221,126
24-01-2021,29,GME,Goldman Sachs alludes to GME & WSB,103,296,97,184,155,157
18-01-2021,4,GME,I am financially ruined (agricultural futures),79,289,124,103,187,202
02-01-2021,29,GME,Seems like a solid bull flag,87,254,127,118,177,173
14-01-2021,15,GME,"Don't lie, we've all done it",57,159,83,54,128,117
27-01-2021,21,GME,This is the WORST stock manipulation I've ever seen. They are jamming brokers and traders accounts all over the world. MASSIVE MANIPULATION,73,216,81,109,139,122
27-01-2021,5,GME,"The GME Thread for January 27, 2020",102,271,114,181,169,137
26-01-2021,3,GME,gme don't stop,21,134,98,47,134,72
26-01-2021,24,GME,"Elder millennial here. If you're booking a high-6 or 7 or 8 digit gain soon, do me these two favors so I can rest easy knowing your tendies will be safe.",52,257,161,81,160,229
06-01-2021,3,GME,$PLTR gang trying to learn diversification (we are going places),29,171,87,39,151,97
25-01-2021,6,GME,A few of the memes of past & present would like to formally congratulate GME gang,40,141,89,57,108,105
23-01-2021,31,GME,How Friday's GME gamma squeeze may trigger a short squeeze on Monday and Tuesday,64,261,172,124,186,187
28-01-2021,24,GME,"An Open Letter to Melvin Capital, CNBC, Boomers, and WSB",99,287,112,156,131,211
25-01-2021,22,GME,Cramer goes off on Analyst and sides with us on GME :),60,198,239,113,250,134
25-01-2021,18,GME,Barrons thinks we are done. Just getting some fuel and picking up your wife.,52,182,98,75,127,130
21-01-2021,6,GME,Inverse guh,71,250,137,108,182,168
28-01-2021,25,GME,"We look now, across the vast ocean between us, to our European and Asian fellows in this war. It is up to you now, to help us enter this next day with fire in our hearts and our sell buttons disabled. To the next galaxy, comrades ðŸš€ðŸš€ðŸš€ðŸš€ðŸš€ðŸš€ðŸš€ðŸš€",61,288,145,92,247,155
08-01-2021,2,GME,It's beginning to be hard to argue we aren't in a bubble,85,270,139,117,154,223
24-01-2021,47,GME,DeepFuckingValue Perspective from July 2020 (-60k) to today,58,265,160,102,173,208
22-01-2021,22,GME,"You retards cost me $16,000 today on GME. I bet against WSB and learned that Iâ€™m the retarded one for underestimating the power of a bunch of degenerates.",99,236,121,129,193,134
03-01-2021,1,GME,The story of my life,39,154,79,61,132,79
14-01-2021,21,GME,$GME /r/wallstreetbets vs Melvin Capital,74,241,141,96,217,143
26-01-2021,4,GME,How it feels before market opens ðŸš€,32,122,47,38,111,52
13-01-2021,18,GME,I had to let them know who is in charge now,29,125,58,50,98,64
26-01-2021,31,GME,"You guys convinced me, sold all my BB and re-YOLOing GME #thankschamanth",54,247,153,91,201,162
26-01-2021,15,GME,It's official: Stop freaking out about the media asking to have WSB investigated or possible SEC action,72,255,130,134,175,148
02-01-2021,1,GME,I never thought I would hate the week-end!,40,123,52,50,109,56
19-01-2021,5,GME,crud I typed it in wrong and ended up with GM instead of GME ðŸ¤¦â€â™‚ï¸,71,218,108,99,180,118
26-01-2021,13,GME,The ALIENS are going to shake our (diamond) hands! ðŸš€ðŸš€ðŸš€ðŸš€ðŸ‘½ðŸ‘½ðŸ’Ž,17,110,53,24,102,54
25-01-2021,41,GME,GME - WATCH OUT,90,282,117,134,203,152
25-01-2021,13,GME,$BB â€˜not awareâ€™ as to why they are flying to Pluto ðŸš€,49,228,156,75,218,140
26-01-2021,31,GME,Fuck the hedge funds. Theyâ€™ll try to do anything to get WSB regulated or banned.,42,118,196,62,144,150
25-01-2021,15,GME,"Thank God someone influential is genuinely on our side, btw do you know guys that his cat name is $BB ðŸš€ðŸš€ðŸš€ðŸš€",77,242,135,117,148,189
22-01-2021,26,GME,Future of WSB,77,271,128,138,154,184
27-01-2021,8,GME,[GME] i have left humanity behind,34,94,52,60,60,60
17-01-2021,2,GME,The only DD I trust here,29,170,64,35,167,61
28-01-2021,23,GME,The highest conviction trade of all time,60,221,117,93,168,137
26-01-2021,36,GME,5 Ways You Know The Squeeze is Happening (And Why You Should Hold),70,250,164,111,194,179
14-01-2021,3,GME,GME Rebound In A Nutshell,32,146,56,50,135,49
22-01-2021,30,GME,GME!!! ðŸš€ðŸŒ•ðŸ’ŽðŸ™ŒðŸ» Portfolio up 69.69%!!!,43,234,175,85,187,180
21-01-2021,1,GME,GME Megathread - Lemon Party 2: Electric Boogaloo,76,270,142,150,178,160
26-01-2021,5,GME,Retard strength - GME was the most traded stock in the world today,44,124,59,61,90,76
20-01-2021,12,GME,People on Robinhood who own GME are most likely to also own BB and PLTR in their portfolio. ðŸ˜‚ ðŸš€ðŸš€ðŸš€,62,287,102,58,269,124
25-01-2021,21,GME,See that dip before the MOASS on VW? This is now. Keep holding no paper hands,85,247,152,120,173,191
22-01-2021,24,GME,I'm sorry to who sold me these at $.0577 today,69,281,131,142,178,161
13-01-2021,10,GME,Sharing the GME wealth. Donated $2000 to local food bank.,27,103,114,43,95,106
13-01-2021,43,GME,GME is a defining moment of wsb history,58,280,153,115,188,188
26-01-2021,16,GME,"Argument with my economics teacher over GME today, ended quite amazing.",71,259,116,106,189,151
28-01-2021,29,GME,Explanation for noobs who don't quite understand what's going on...,81,277,140,130,179,189
04-01-2021,1,GME,Itâ€™s not a bubble itâ€™s a lifestyle,11,62,37,17,63,30
31-12-2020,1,GME,When your account is down 75% earlier this week...,47,140,59,70,108,68
27-01-2021,6,GME,100 WSB FUND MANAGERS WANTED,65,263,118,93,209,144
21-01-2021,15,GME,An Identity will kill us,100,256,111,141,161,165
22-01-2021,44,GME,A hedge fund managers perspective on GME,57,276,161,94,190,210
26-01-2021,12,GME,Best halt I have ever fucking seen. LMFAO,73,253,148,102,210,162
26-01-2021,13,GME,$BB Bulls After Yesterday ðŸš€ðŸš€ðŸš€,46,286,137,102,233,134
25-01-2021,29,GME,"You autists did it: The First Casualty Of The Big Short Squeeze: Melvin Capital Gets $2.75BN Bailout From Citadel, Point72 After Its Shorts Explode",88,283,125,153,167,176
16-01-2021,10,GME,/u/DeepFuckingValue vs. Melvin Capital: The siege of Tendie Island,34,154,100,50,123,115
27-01-2021,9,GME,"Sen. Warren give zero fucks about the hedge fund managers ""For years, the same hedge funds, private equity firms, and wealthy investors dismayed by the GameStop trades have treated the stock market like their own personal casino while everyone else pays the price,"" the Massachusetts Democrat said.",44,171,104,65,134,120
26-01-2021,21,GME,GME short: I am throwing in the towel. You guys win! F/u and congratulations.,76,242,137,102,226,127
23-01-2021,47,GME,Don't go full retard. Think about what you comment and post on this sub.,105,264,122,155,142,194
22-01-2021,10,GME,"GME winners - remember to give back, I'll start",30,225,216,90,141,240
21-01-2021,9,GME,Citron's Downfall,34,136,90,52,92,116
28-01-2021,8,GME,Chamath Palihapitiya for President,59,181,87,78,145,104
02-01-2021,1,GME,You all know the paradigm ðŸ“ˆðŸ“ˆ,58,218,75,78,169,104
26-01-2021,7,GME,"To the haters that told me to sell, I only have one thing to say... CANT STOP. WONT STOP. GAMESTOP ðŸš€ðŸš€ðŸš€ðŸš€",51,136,92,82,119,78
26-01-2021,24,GME,"Oh u/J1187064, you sweet summer child.",44,170,94,74,106,128
26-01-2021,14,GME,"JIM CRAMER: ""If you are going to short 148% of stock YOU ARE A MORON"".",80,236,136,107,187,158
26-01-2021,11,GME,Iâ€™m so happy for our lord and savior,39,145,69,49,105,99
19-01-2021,20,GME,In for the MOASS,52,144,79,67,91,117
26-01-2021,4,GME,"What Are Your Moves Tomorrow, January 27, 2021",78,285,134,133,215,149
26-01-2021,16,GME,4.2 BILLION lost on shorts and theyâ€™re doubling down?? He called this the first line of troops going down in a rain of musket fire only to be replaced by another line. More shorts = MORE ðŸš€ ðŸš€ ðŸš€ ðŸš€ ðŸŒ,120,254,117,160,160,171
30-12-2020,3,GME,The average WSB user after blowing up their account,27,77,30,18,70,46
24-01-2021,8,GME,High quality Yahoo Finance article on GME quoting a shitposting Twitter account,95,247,118,106,191,163
26-01-2021,18,GME,See yâ€™all on the ðŸŒ ðŸš€ðŸ’Žâœ‹ðŸ¥œ,44,198,94,67,173,96
17-01-2021,15,GME,When boomers are proud of their 2020 gains,47,183,84,75,139,100
26-01-2021,32,GME,Im from the 5G industry. STOP LETTING BOTS CONVINCE YOU NOK IS GONNA MOON,75,240,143,109,186,163
27-01-2021,18,GME,BB workin its way to the moon ðŸš€ðŸš€ðŸš€,47,290,160,102,261,134
31-12-2020,1,GME,Pictured: PLTR bulls at a house party,27,128,80,43,108,84
12-01-2021,2,GME,TSLA vs NIO vs FSR vs LI vs NKLA vs XPEV: A WallStreetBets Movie,41,236,112,53,191,145
24-01-2021,42,GME,I'm the guy who took out a 10k GME loan last week!,62,269,156,123,132,232
19-01-2021,16,GME,The Absolute State of GME bulls from WSB right now.,51,207,60,47,205,66
26-01-2021,5,GME,Wallstreetbets made it on international news,45,135,59,66,101,72
20-01-2021,3,GME,GME Announcement,24,102,45,28,86,57
25-01-2021,13,GME,Told my dad Iâ€™m going to use my miserable life saving to make money and be somewhat financially independent. He said â€œthereâ€™s always be home if something goes wrong but do it son try it make me proudâ€ well I called him this morning and told him the retards and Reddit made me somewhat richer,34,153,101,60,126,102
27-01-2021,20,GME,"Are your Boomer parents as baffled by your $GME gains as mine are? Feel free to use my G-rated, very basic explanation of what the fuck is going on!",60,230,160,96,160,194
22-01-2021,17,GME,*CITRON SAYS NO LONGER COMMENTING ON GAMESTOPðŸš€ðŸš€ðŸš€ðŸš€ðŸš€,117,266,96,137,176,166
28-01-2021,26,GME,I'm Sick of Hearing Wall Street Act Like We Can't Handle Risk,85,257,109,147,139,165
01-01-2021,2,GME,Current state of the Palantir FOMO,30,122,83,47,92,96
22-01-2021,11,GME,Holy shit i just turned 18 and put all my money into GME. I will continue to holdðŸš€ðŸš€ðŸš€ðŸš€,47,268,159,110,176,188
27-01-2021,1,GME,Got a free random stock when I signed up for Robinhood in March. The stock? Gamestop at $3.94. Thank you!!,4,55,42,10,53,38
27-01-2021,3,GME,FUCK THESE INBRED DIPSHITS. THE OLD GUARD IS HORRIFIED. BACKS UP AGAINST THE WALL. PAINTED INTO A CORNER. ITS ALL BECAUSE OF YOU YOU LOVELY DIAMOND HANDED BEAUTIES. HOLD THE LINE. $GME,36,94,36,62,54,50
03-01-2021,1,GME,Anyone else a greedy piece of shit?,24,63,32,34,48,37
27-01-2021,5,GME,We Europoors do our part! GME ðŸš€ðŸš€ðŸš€,49,210,101,59,207,94
27-01-2021,10,GME,"Aight, I'm in. Better late than never",38,181,84,61,152,90
27-01-2021,5,GME,"Thank you all, my wife was diagnosed with MS recently and my bank account had -$1,400 in it.",22,90,80,43,62,87
26-01-2021,7,GME,Me waking up early to buy more $GME (Not stopping memeing $GME until I get featured on CNBC),13,98,38,20,82,47
26-01-2021,15,GME,Chamath Palihapitiya tips his hat to r/wsb,44,231,113,91,157,140
25-01-2021,2,GME,A bear's guide to Maruchan Ramen Flavors.,62,155,88,93,110,102
21-01-2021,2,GME,[OC] andrew left and $GME but its only him breathing,60,186,81,76,146,105
17-01-2021,1,GME,Meet the Autist - An introduction to WSB,15,72,34,23,59,39
15-01-2021,4,GME,CAN'T STOP WON'T STOP GAMESTOP ðŸš€ðŸš€ðŸš€ðŸš€ðŸš€ðŸš€ðŸš€ðŸš€ðŸš€ðŸš€ðŸš€ðŸš€ðŸš€ðŸš€,45,155,80,62,129,89
22-01-2021,10,GME,"Citron is starting to look a lot less like a ""research company"" and a lot more like just some guy tweeting from his apartment.",55,165,79,75,116,108
21-01-2021,32,GME,"GME ""short sellers were down $812 million in mark-to-market losses on Wednesday alone, according to Ihor Dusaniwsky of S3 Partners, which tracks short selling."" ðŸš€ðŸš€ðŸš€",65,265,138,117,168,183
18-01-2021,6,GME,$BB When The Market Opens,46,247,147,68,227,145
21-01-2021,6,GME,GameStop = The Big Gain?,6,61,36,19,48,36
27-01-2021,30,GME,LETS FILE A LAWSUIT!!! LAWYERS NEEDED!!!,49,162,66,55,147,75
14-01-2021,16,GME,$GME $PLTR $BB - You cannot stop us..,57,268,139,95,236,133
13-01-2021,12,GME,GME Gang to the haters ðŸ˜‚ðŸ˜‚ðŸ˜‚ðŸ˜‚ðŸ˜‚ðŸ˜‚ ðŸ–•ðŸ–•ðŸ–•ðŸ–•ðŸ–•ðŸŒˆðŸ»ðŸš€ðŸš€ðŸš€ðŸš€ðŸš€ðŸš€ðŸ’ŽðŸ™Œ,47,173,71,72,122,97
15-01-2021,15,GME,u/deepfuckingvalue single handedly owns .2% of gamestop,33,209,91,52,156,125
20-01-2021,13,GME,$GME ðŸš€ Ready to load up on more shares.,89,262,110,125,206,130
25-01-2021,2,GME,Tendie-licious,17,101,42,32,93,35
26-01-2021,24,GME,We got this yâ€™all. HOLD!!! ðŸ’ŽðŸ’ŽðŸ’Ž,78,237,125,89,208,143
27-01-2021,1,GME,Chamath Palihapitiya shits on hedge funds on CNBC,23,50,20,22,36,35
04-01-2021,5,GME,Theyâ€™re looking at you,51,133,64,57,104,87
28-01-2021,7,GME,"""We got 'em on the ropes!""",30,109,54,33,111,49
05-01-2021,1,GME,Coming to WSB for advice,15,90,42,21,83,43
23-01-2021,5,GME,2 MILLION DEGENERATES ðŸš€,46,173,92,73,131,107
25-01-2021,17,GME,"AMC, GME, BB, PLTR. Started with 3k in December. Oops?",48,247,106,74,190,137
25-01-2021,7,GME,BlackBerry DD,46,247,206,58,185,256
24-01-2021,20,GME,Options: A beginners guide (with greeks),60,214,176,86,156,208
14-01-2021,18,GME,Look Ma we made it to WSJ,69,202,106,102,166,109
22-01-2021,16,GME,"""Itâ€™s hard to see PLTR stock surging to $30 per share"" -Investorplace.com, hours before it hits $30.",70,267,132,113,194,162
28-01-2021,5,GME,The biggest risk we face (and why it's nothing to worry about for now),73,288,110,94,210,167
26-01-2021,22,GME,GME Short Interest went up not down on Monday...the squeeze has not been squozeðŸš€ðŸš€ðŸš€ðŸš€,57,234,164,98,192,165
17-01-2021,1,GME,WSB Survival Guide ðŸš€ (with sound),7,86,60,11,62,80
20-01-2021,17,GME,GME now the top stonk on Robinhood. We have done it my brothers. ðŸš€ðŸš€ðŸš€ðŸš€ðŸŒ•,33,170,99,48,138,116
07-01-2021,2,GME,WSB and SEC,15,101,36,36,56,60
14-01-2021,16,GME,ALL ABOARD THE RETARDED BB ROCKETSHIP!!!! ðŸš€ðŸš€ðŸš€ðŸš€ðŸš€ðŸš€ðŸš€ðŸš€ðŸš€ðŸš€,67,246,144,87,231,139
28-01-2021,22,GME,Iâ€™m so fucking proud of every single person in or connected to this sub.,55,263,170,91,175,222
11-01-2021,16,GME,GME YOLO update â€” Jan 11 2021,53,276,156,96,243,146
30-12-2020,14,GME,This should be fun,36,118,71,64,88,73
12-01-2021,8,GME,Me? I'm a swing trader.,21,106,53,32,85,63
28-01-2021,10,GME,"William Gavin on WSB ""the retailers are vulnerable""",77,193,70,102,137,101
15-01-2021,5,GME,ðŸš€ Calling On All Autists! Mobilize Your Buying Power! ðŸš€,27,143,61,39,138,54
21-01-2021,12,GME,Everyone is on GME now,47,224,115,68,209,109
25-01-2021,3,GME,PSA: Always overstate your gains to friends and family,14,67,39,18,67,35
26-01-2021,10,GME,BlackBerry Expands Partnership with Baidu to Power Next Generation Autonomous Driving Technology (ðŸš€ðŸš€ðŸš€),68,243,144,91,225,139
26-01-2021,28,GME,GME short interest remains at 139% (Bloomberg) - the short squeeze has not even started,74,252,166,122,209,161
27-01-2021,2,GME,"CNBC JUST CALLED US A ""FORUM"" WHO USES CHEAT CODES! FUCK THEM! RIDE OR DIE!!",33,70,14,30,56,31
19-01-2021,19,GME,"Your daily reminder that ""Chillman"" is NOT One of Us",67,173,77,99,110,108
25-01-2021,4,GME,"Down $1.5 Million from today's peak, but I'M STILL HERE, AND I'M NOT SELLING",40,151,92,75,108,100
25-01-2021,10,GME,yes another GME meme,14,59,32,22,42,41
26-01-2021,17,GME,GME has just passed $200 after-market,80,277,131,108,201,179
25-01-2021,13,GME,Jim trying to harness our power to start moving more stocks he likes,90,186,72,100,144,104
27-01-2021,11,GME,"Fed Chair Powell just said he will not comment on GME as ""it is not my place"" to comment on single stocks. GET FUCKED SHORTERS",17,60,30,23,49,35
26-01-2021,7,GME,Decided to yolo all the money that I saved from working at McDonaldâ€™s for a whole year. Pray for me boysss. ðŸš€ðŸš€ðŸš€,48,184,112,69,169,106
25-01-2021,4,GME,"Someone just bought 79,000 contracts of GE 11.5 calls",59,242,149,104,203,143
13-01-2021,8,GME,WE SHOULD ALL BE THAKING u/deepfuckingvalue THE ONE TRUE KING OF WSB,41,155,117,63,132,118
20-01-2021,9,GME,$GME,31,113,74,38,86,94
27-01-2021,29,GME,DO NOT LISTEN TO THE BOTS. HOLD $GME AND BUY $BB. DO NOT LET THEM DIVIDE AND CONQUER. WE ARE GOING TO FUCKING MARS ðŸš€ðŸš€ðŸš€ðŸš€ðŸš€ðŸš€ðŸš€ðŸš€ðŸš€ðŸš€,45,184,76,76,144,85
27-01-2021,30,GME,You did NOT miss out on GME,68,142,112,92,120,110
14-01-2021,9,GME,u/DeepFuckingValue drawing conclusions on GME a year ago,17,86,56,29,80,50
19-01-2021,13,GME,"ADDED ANOTHER 4,000 GME SHARES ($156,000)",35,198,136,59,205,105
27-01-2021,10,GME,"Ladies and gentlemen the man behind @marketwatch is calling you all conspirators of a crime. Someone call pappa Elon, we gotta take a rocket to the moon before the SEC comes knocking.",117,240,109,185,154,127
26-01-2021,20,GME,Battle of the Billionaires,53,193,70,73,167,76
24-01-2021,5,GME,Cathie Wood launches ETF with only GME in it,40,125,61,48,123,55
13-01-2021,6,GME,$GME Shorts right now,65,249,132,109,197,140
27-01-2021,2,GME,"Daily Discussion Thread for January 27, 2021 - Part II",86,309,94,114,272,103
26-01-2021,13,GME,GME Short Squeeze: The Whales Have Arrived,71,276,142,93,225,171
20-01-2021,4,GME,ðŸš€ðŸš€ $BB ðŸ™ŒðŸ’Ž,36,127,82,44,116,85
22-01-2021,2,GME,Me buying my fist stonks of anything today,13,64,39,26,39,51
07-01-2021,1,GME,Tesla is undervalued,44,129,89,54,124,84
20-01-2021,20,GME,"Forgive me Papa Elon. I'll be back, but a higher purpose beckons. GME ðŸš€ðŸš€ðŸš€",30,117,102,43,114,92
27-01-2021,5,GME,Chamath and WSB,18,91,41,33,49,68
25-01-2021,8,GME,We are the captains now ðŸš€ðŸš€ðŸš€ðŸš€ðŸš€ðŸš€ðŸš€ðŸš€ðŸš€,51,122,67,55,112,73
13-01-2021,4,GME,WSB Single-Handedly Saves GME,7,41,23,22,32,17
25-01-2021,4,GME,Added another 200 shares at $100. Hold the fucking line autists ðŸš€ ðŸš€ ðŸš€ ðŸš€,64,248,133,109,208,128
18-01-2021,34,GME,"GME Gang - if you're up a lot, also consider a thank you to GameStop employees that are every much a part of this as you are.",49,210,169,84,156,188
13-01-2021,2,GME,Citi wants a war? Letâ€™s give them a war! PLTR ðŸš€ðŸš€ðŸš€,56,180,89,74,171,80
18-01-2021,8,GME,For you GME autists that claim to have ðŸ’ŽðŸ¤² that have been in this for a couple weeks or months...,43,157,103,65,142,96
02-01-2021,2,GME,Waiting for stock market to open during looooong weekend.,18,67,16,16,64,21
07-01-2021,2,GME,"I did it. I set a goal in September to claw my way out of this hole. Here it is, after two years I made $187.29 in the stock market. Thank you WSB.",51,134,102,65,110,112
22-01-2021,8,GME,Doing my part for my kid. Dumped his entire savings of 2500 into Gamestop at 37. He's now got almost 6k lol. He has no idea,31,154,98,48,123,112
15-01-2021,14,GME,"if u/deepfuckingvalue can hold for GME for a year you can hold for a day, just remember...",46,184,104,70,151,113
27-01-2021,27,GME,"The hedge funds are mad, and they will be fighting dirty.",85,271,116,122,196,154
23-01-2021,24,GME,Disgraceful & false media narrative about GME,81,274,125,134,167,179
26-01-2021,23,GME,$GME We can remain retards longer than they can remain solvent,73,264,113,111,193,146
26-01-2021,10,GME,Front page of the WSJ. Well done fellow degenerates.,32,129,40,51,87,63
26-01-2021,14,GME,Short sellers are down $91 billion in January due to US! Time is in our favour guys! ðŸš€,52,128,58,61,105,72
21-01-2021,1,GME,The hero we don't deserve ðŸš€,13,82,38,22,61,50
26-01-2021,12,GME,Theyâ€™re trying to regulate us amongst GME gains,106,231,112,155,170,124
26-01-2021,5,GME,A LOT OF PRESSURE FROM MY FAMILY TO SELL NEAR 100 BUT HELD STRONG,63,184,72,79,129,111
25-01-2021,7,GME,Have officially joined all the $BB retards,39,208,187,77,211,146
27-01-2021,12,GME,"Please only focus on GME and BB, thanks. This subreddit is being overrun by bots and managers who are shitting themselves.",23,104,77,36,99,69
18-01-2021,4,GME,$AMC ðŸš€ðŸš€ðŸš€ðŸš€ðŸš€,39,213,134,78,173,135
05-01-2021,18,GME,GME YOLO update â€” Jan 5 2021,48,274,156,89,254,135
27-01-2021,2,GME,"Iâ€™m freaked out and selling, hereâ€™s why",10,43,16,10,38,21
20-01-2021,2,GME,STILL HOLDING (GME),15,41,27,19,38,26
16-01-2021,4,GME,WSB is currently the 2nd most engaged subreddit! ðŸš€ðŸš€,58,196,96,83,159,108
28-01-2021,9,GME,"What Are Your Moves Tomorrow, January 28, 2021 Part II",101,284,114,141,192,166
19-01-2021,10,GME,â€œThis is a Wall Street Bets market and youâ€™re just living in itâ€ Someone got that right ðŸš€ ðŸš€ ðŸš€,49,163,64,60,132,84
31-12-2020,3,GME,My PLTR story,19,84,42,32,53,60
27-01-2021,6,GME,HOLD GME!!! DO NOT PUSSY OUT!!!! WE ARE GOING TO PLUT! ðŸš€ðŸš€ðŸš€ðŸš€ IGNORE ALL OTHER STOCKS,22,82,27,24,70,37
16-01-2021,25,GME,"GME - Option, Margin and Other Factors for Trading Next Week",59,249,182,94,148,248
27-01-2021,5,GME,Don't fucking sell your GME Shares!!!!!!!!!!!!!!!!!!!!!!!!!!!!!!!,11,41,19,13,38,20
22-01-2021,7,GME,GME is going to let me own a homeðŸš€ðŸš€ðŸš€ðŸš€ðŸš€ðŸš€ðŸš€ðŸš€,36,139,108,44,130,109
05-01-2021,35,GME,How I feel dumping $40k more into GME shares this morning... ðŸ’Žâœ‹ ðŸš€ðŸš€ðŸš€,53,181,100,80,134,120
27-01-2021,9,GME,The next stock is $GME yes you heard correct it is still going to go up in price so stop asking about which stock is next.,21,49,11,22,35,24
21-01-2021,9,GME,Well done guys! ðŸš€ðŸš€ðŸš€ðŸš€,59,182,76,82,141,94
21-01-2021,16,GME,"Final $GME position $548,993.95 YOLO - No margin, no leftover cash.",33,121,75,54,103,72
18-01-2021,3,GME,"Stuck at home waiting for COVID results, so I wrote a sea shanty in honor of $GME. Presenting: ""The Tendieman""",14,95,63,25,80,67
11-01-2021,2,GME,I have a discount trading bot which gives out daily (well hourly discounts for the stock market). Hereâ€™s what the bot stated under discounted companies...,32,158,177,52,110,205
27-01-2021,1,GME,The WSB Army Made Me Fix This. $GME ðŸš€ðŸš€ðŸš€ $500 ðŸš€ðŸš€ðŸš€,13,65,32,18,54,38
26-01-2021,2,GME,I did it. This is all my money. . . I hope I don't regret this ðŸ˜‚,37,159,92,64,137,87
26-01-2021,1,GME,I can't wait until a documentary is made about all of this,25,105,61,31,109,51
20-01-2021,3,GME,"Here's a visualization of the ""Tomorrow's Moves"" thread for today",35,180,121,61,138,137
13-01-2021,25,GME,Woke up a multi-millionaire thanks to CRSR. Nice (deja vu),70,247,146,89,211,163
26-01-2021,3,GME,New proud holder of $GME this morning,28,151,98,29,162,86
27-01-2021,3,GME,THE BIGGEST SHORT SQUEEZE IN THE WORLD $SLV Silver 25$ to 1000$.,55,298,147,86,247,167
15-01-2021,20,GME,"ðŸš€ðŸš€ðŸš€ ðŸŒ GME | Cant stop, Wont stop, Gamestop",30,152,71,55,116,82
12-01-2021,1,GME,WSJ FRONT PAGE: boys we made it lol,47,152,64,55,119,89
27-01-2021,2,GME,How many times have we seen these fake dips. Fuck Melvina and HOLD.,28,80,45,39,69,45
18-01-2021,23,GME,My broker emailed me asking to borrow shares. The example stock they used was GME.,59,272,159,116,192,182
05-01-2021,1,GME,Elon Musk only $11b off overtaking Bezos and becoming the richest man in the world. Papa Musk now worth twice as much as Papa Buffett,58,248,159,78,199,188
27-01-2021,1,GME,HOLD BOYS! HOOOOOOOLD!! NO ONE SELL! GME TO THE MOON AND BEYONDðŸŒšðŸš€ðŸš€ðŸš€ðŸš€ðŸš€ðŸš€ðŸš€ðŸš€ðŸš€ðŸš€ðŸš€ðŸš€ðŸš€ðŸš€ðŸš€ðŸš€ðŸš€ðŸš€ðŸš€,8,31,7,10,28,8
21-01-2021,6,GME,Sure...,47,127,45,55,111,53
23-01-2021,20,GME,$BB most secure system. Get your calls ready,77,250,146,100,209,164
20-01-2021,24,GME,A Venture Capital Perspective on GME,39,197,247,85,107,291
14-01-2021,7,GME,Borrowed 31K from my 401K and 10K from parents. Turned on margin and maxed it out on GME shares. Whoâ€™s retarded now?,64,289,122,120,188,167
04-01-2021,1,GME,Where in the World is Jack Ma?!,36,118,44,36,100,62
27-01-2021,8,GME,If GME hits 1000 I'll tattoo the wsb logo on both my tits,51,178,52,37,180,64
16-01-2021,10,GME,"GME going to the moon, melvin capital gets nutted on",21,96,65,33,72,77
28-01-2021,3,GME,WE LIKE THE MODS.,9,57,63,25,40,64
23-01-2021,32,GME,$400k deep into $BB... letâ€™s go ðŸ˜¤,54,250,141,84,210,151
19-01-2021,4,GME,Let's see who's getting financially ruined,20,74,33,22,60,45
19-01-2021,2,GME,BB TO THE MOON!!!! ðŸš€ðŸš€ðŸš€ðŸš€ ðŸ’ŽðŸ’ŽðŸ‘ðŸ»ðŸ‘ðŸ»,46,223,195,99,228,137
20-01-2021,12,GME,We did it boys!,70,220,86,111,171,94
28-01-2021,7,GME,FELLAS I AM SORRY,54,246,138,90,181,167
20-01-2021,3,GME,Announcement: Official Moderator Twitter Account @WSBMOD,96,261,101,136,200,122
31-12-2020,1,GME,Try again next year,20,110,49,42,76,61
26-01-2021,8,GME,PROTECT THE GOLDEN TENDIE GOOSE - THEY ARE GOING TO TRY AND STOP THIS SUB. THIS IS HOW WE PREVENT THAT (DIRTY LAWYER TALK),54,201,88,95,151,97
08-01-2021,1,GME,"Alright, which one of you is it?",26,84,33,30,68,45
19-01-2021,1,GME,NEW ARK ETF!!! I hope u/TheEmperorOfJenks had ðŸ’ŽðŸ™Œ,29,153,71,43,139,71
14-01-2021,8,GME,ðŸš€ðŸš€$BB Gang ðŸš€ðŸš€,43,257,136,90,220,126
16-01-2021,18,GME,$GME - this guy was SELLING January 15th $20 naked calls the day before The Great Squeeze on Wednesday. Fâ€™s in the chat boys,91,243,121,134,170,151
11-01-2021,4,GME,Shoutout to WSB! Prime Time baby!,26,118,60,31,87,86
11-01-2021,3,GME,All Aboard the USS GME,25,91,57,48,62,63
04-01-2021,3,GME,After a long weekend... itâ€™s finally here good luck retards!,30,90,48,42,69,57
14-01-2021,10,GME,$GME - End Game ðŸš€ðŸš€ðŸš€ðŸš€ðŸš€,38,157,108,49,125,129
19-01-2021,4,GME,Tendieman v3,16,76,46,20,72,46
25-01-2021,5,GME,Down 7.5k BUT STILL NOT SELLING. DIAMOND HANDS ðŸ’Ž ðŸ™Œ,35,160,65,59,132,69
12-01-2021,18,GME,$GME Autists preparing to break the $20.25 ceiling,31,132,70,55,105,73
20-01-2021,10,GME,$GME ANTHEM. ðŸ¥œðŸš€ðŸ’ŽðŸ‘,36,140,104,55,113,112
26-01-2021,1,GME,Do Both ðŸš€ðŸš€ðŸš€ðŸš€ðŸš€,10,58,23,15,52,24
27-01-2021,28,GME,BB waits... I'm just glad I'm here with all of you degenerates...,20,215,119,45,203,106
14-01-2021,4,GME,Exclusive: The First Man On The MoonðŸš€,11,37,32,18,32,30
23-01-2021,27,GME,$GME update $28k -> $284k -> $3.8m / can DFV plz deepfuckingdickme?,57,228,110,103,170,122
15-01-2021,2,GME,"Alex Karp says Buy the Dip !!! PLTR MOON SOON !! , while GME BBBY BB AND TSLA celebrate. WSB visualised.",19,105,57,25,88,68
25-01-2021,8,GME,NOK is on the move,40,242,137,72,213,134
22-01-2021,6,GME,Playing a role of silent assassin is the best tactic that WSB possesses and it should not be dismissed,29,180,27,40,146,50
02-01-2021,1,GME,Some decoration for my new apartment,42,120,54,47,92,77
27-01-2021,5,GME,"Daily Discussion Thread for January 27, 2021 - Part III",100,279,82,147,212,102
21-01-2021,4,GME,Skin in the game?,83,164,78,98,139,88
27-01-2021,15,GME,Hedge Fund crybabies will do anything to get WSB regulated or Banned. It is time we think about contingency plans.,72,258,110,111,180,149
31-12-2020,14,GME,GME YOLO year-end update â€” Dec 31 2020,40,188,116,80,157,107
30-12-2020,2,GME,"It turns out they aren't too keen on the word ""tendies""",32,118,57,48,88,71
21-01-2021,12,GME,"50%, best I can do you ungrateful fucks",26,116,80,38,106,78
18-01-2021,4,GME,WSB when there's a dip before the $GME rocket takes off ðŸš€ðŸš€ðŸš€ðŸš€ðŸš€ðŸš€,18,64,40,35,45,42
25-01-2021,3,GME,I will donate $500 to a charity of my choice if PLTR reaches $40 by end of the week.,25,93,82,22,113,65
28-01-2021,15,GME,WHY GME COULD GO ON TO BREAK ALL RECORDS ðŸš€ðŸš€ðŸš€ðŸš€ðŸš€ðŸš€ðŸš€ðŸš€ðŸš€ðŸš€ðŸš€ðŸš€ðŸš€ðŸš€ðŸš€ðŸš€ðŸš€ðŸš€ðŸš€ðŸš€ðŸš€ðŸš€ðŸš€ðŸš€ðŸš€ðŸš€ðŸš€ðŸš€ðŸš€ðŸš€ðŸš€ðŸš€ðŸš€ðŸš€ðŸš€ðŸš€ðŸš€ðŸš€ðŸš€ðŸš€ðŸš€ðŸš€ðŸš€ðŸš€ðŸš€,52,145,82,49,125,105
09-01-2021,2,GME,"Me seeing all of Tesla gain porn, while I missed out and put life savings in GME/PLTR",32,87,46,38,73,54
23-01-2021,37,GME,Gme Infinite gamma squeeze explained,66,282,148,127,173,196
17-01-2021,10,GME,(Repost) Cramer on WSB & GME - this didnâ€™t age well. Still laughing?,43,125,72,69,94,77
20-01-2021,3,GME,This is why WSB is the most important forum on this site. The game is stacked against us and individually we are nothing. Do you think any of us wouldn't be charged with something if we did the same thing? Together we can make a difference.,49,122,62,65,86,82
04-01-2021,1,GME,PLTR 1/15 50c ðŸš€,9,62,30,18,66,17
27-01-2021,2,GME,Need a new car so I put $5000 into $GME earlier this month. I was hoping for enough for a Nissan.,18,90,60,24,88,56
26-01-2021,4,GME,AMC Army DD - let's go get popcorns. Save the screen. Why won't it let me post my DD? dafuq?,47,254,183,59,289,136
24-01-2021,12,GME,"For every dollar that is made here, two dollars are lost",71,272,121,104,179,181
12-01-2021,7,GME,"Mr. Beast must follow through, or be held accountable",66,133,70,68,115,86
28-01-2021,3,GME,"My response to Fox Business asking for an interview. MODS REMOVE MY PRISON TAT, I'VE BEEN A GOOD BOY!",30,127,59,41,94,81
25-01-2021,5,GME,"What Are Your Moves Tomorrow, January 26, 2021",83,270,147,147,188,165
27-01-2021,5,GME,Quit asking for help pumping stocks,17,47,18,19,36,27
26-01-2021,15,GME,GME is up 21% in germany. This is way higher then yesterday. stay strong,56,235,113,69,208,127
28-01-2021,1,GME,It's Simple: We Buy Jim Cramer,29,68,41,30,64,44
22-01-2021,3,GME,GMREEEEEEEEEEkend Containment Thread - GME shitposts go here,88,269,141,183,142,173
31-12-2020,1,GME,Weâ€™re also hitting bankruptcy levels thatâ€™s shouldnâ€™t be possible,14,40,26,12,42,26
26-01-2021,34,GME,I went from 100K to >1M last year and why $NOK is the easiest next ðŸš€ðŸš€ðŸš€ðŸš€ I've ever seen (DD MEGA COMPILATION),95,222,129,87,220,139
19-01-2021,4,GME,Live shot of $GME call holders,22,48,26,25,44,27
04-01-2021,6,GME,"Reeeeeeeeecap of today's (and recent) market driving news (Jan 4, 2021 after market close)",23,106,69,33,78,87
14-01-2021,15,GME,Fuckin' Lurkin' Cramer,38,170,59,58,108,101
22-01-2021,8,GME,Lost all my money when I discovered this sub 1 year ago and after 365 days I can proudly say I have learned nothing and am back to square one (16k to 1.3k and back),26,98,48,43,81,48
19-01-2021,2,GME,The Full DD on $BB: An Elon Musk+Jeff Bezos sandwich for our Supreme Leader John Chen,61,231,155,90,175,182
19-01-2021,5,GME,"$400k in GME, canâ€™t stop wonâ€™t stop GameStop!!! Letâ€™s go boys!",21,78,43,34,56,52
26-01-2021,2,GME,"Business Insider: (Big Short) investor Michael Burry made a 1,500% gain on GameStop during it's Reddit-fueled Rally",31,83,46,47,60,53
26-01-2021,15,GME,BlackBerry has potential for a large gamma squeeze this Friday ðŸš€,63,244,148,111,217,127
13-01-2021,8,GME,Can we get the energy up for Alex Karp? (Long PLTR) (DD inspo),31,128,75,51,107,76
25-01-2021,14,GME,Make Sure you Donâ€™t Get Penetrated â€¦ with Disinformation,32,113,78,50,91,82
25-01-2021,11,GME,Bought at the mega top but NOT SELING ($158),53,180,117,72,169,109
02-01-2021,1,GME,How I'm making money while I lose money,41,104,65,38,98,74
15-01-2021,27,GME,THIS IS IT. ALL IN,67,272,124,115,209,139
21-01-2021,5,GME,"A boomer here. Few weeks ago, my teenage son somehow convinced me to throw in this insane experiment. Hold the line, have a good day and go eff yourselves :)",22,125,101,35,111,102
22-01-2021,14,GME,PLTR GANG - Destroying ðŸŒˆðŸ»'s and Boomers,33,122,70,49,111,65
13-01-2021,14,GME,"Thanks Retards. You called out GME hitting $30 before EOW, I listened. $400 to $8k in two days is not bad.",43,168,100,82,115,114
16-01-2021,2,GME,Melvin Capital on Tuesday (forgive the watermarks for I am a meme apprentice),13,50,29,23,35,34
14-01-2021,14,GME,Full 5 min clip on Short Squeeze - WSB @ 4 min,41,169,82,68,126,98
28-01-2021,4,GME,We. Are. Strong. ðŸš€ðŸš€,18,77,31,25,59,42
31-12-2020,1,GME,GME Shares > Reddit Awards,25,74,31,42,63,25
14-01-2021,2,GME,"After ten months of watching mommy trade stonks, my two year old is officially an autist in training (PLTR to the mooooon)",31,144,69,49,114,81
19-01-2021,2,GME,Activist investor Ryan Cohen scores 400% gain on GameStop stock in under 6 months LETS GOO,6,59,40,4,61,40
21-01-2021,20,GME,GME - 10 days left to ðŸš€ðŸš€juiceðŸš€ðŸš€ earnings,57,263,150,106,209,155
26-01-2021,7,GME,We made it boys!,13,63,35,16,60,35
26-01-2021,25,GME,Well why would he ask for it? Let me think....,65,212,125,92,167,143
12-01-2021,2,GME,Diamond hands,37,80,43,39,68,53
26-01-2021,12,GME,Convinced my dad and some of his friends to throw money at this! Europoor here. Send this shit to fucking moonðŸš€ðŸš€ðŸš€,20,149,67,38,115,83
16-01-2021,28,GME,David Faber has joined Cramer in recognizing our power,69,174,91,114,99,121
16-01-2021,5,GME,$PLTR - The Big DDD,44,225,181,67,178,205
27-01-2021,8,GME,LETS GO BB & GME BUY AND HOLD LETS FUCKING GO BOYS WE GOING TO THE MOONðŸ’¸ðŸš€ðŸš€ðŸ’¸ðŸš€ðŸ’¸ðŸš€ðŸ’¸,20,99,39,33,89,36
01-01-2021,1,GME,"For All you retards who actually made money, make sure to pay it forward.",23,72,40,28,52,55
22-01-2021,9,GME,Hi Retards It's Your Mom - Don't Forget Taxes,78,226,159,98,196,169
12-01-2021,3,GME,Palantir Secures $8.5 Million Phase I Contract With U.S. Army,39,191,125,70,142,143
20-01-2021,1,GME,INVEST GME NOW ðŸ˜ŽðŸ˜Ž | GME GO TO MOON ðŸš€ðŸš€ðŸš€,14,39,21,24,26,24
27-01-2021,8,GME,DDDD - How r/wallstreetbets Created a Financial Weapon of Mass Destruction,22,100,59,40,70,71
27-01-2021,1,GME,GME,3,18,4,6,12,7
01-01-2021,3,GME,Yoloing into 2021 with $GME,15,85,62,23,63,76
28-01-2021,3,GME,"I was becoming hesitant about holding past $500 but after the dirty play they pulled today, I'M HOLDING TILL $10,000!!!",13,50,23,22,36,28
05-01-2021,7,GME,WSB stock interview,12,81,34,22,67,38
21-01-2021,1,GME,Citron coverage of GME vs WSB coverage of GME,9,31,22,13,21,28
26-01-2021,9,GME,YOLO into BB. Letâ€™s GOOOO,42,234,119,73,232,90
24-01-2021,14,GME,"University taught me jack, you tards gave me wisdom",58,222,127,86,154,167
23-01-2021,1,GME,"We hit 10 comments per second in today's GME thread, congrats to every participant in the most active community on Reddit",6,48,14,16,30,22
28-01-2021,4,GME,WEâ€™RE BACK... AND READY FOR WAR!,24,94,45,35,83,45
23-01-2021,28,GME,"This meme has come true, Melvin Capital does have about $2 billion loss",83,279,134,109,199,188
27-01-2021,1,GME,"Why GME Matters: Hedge funds took a huge risk shorting 130%. They lost, and now the retail investor is manipulating the market? GTFO.",8,20,13,16,9,16
13-01-2021,5,GME,PLTR November 45c. Yolo 453k.,55,258,151,86,234,144
27-01-2021,23,GME,WE ARE GOING TO THE MOON BOYS GME BB AND AMC FULL FUCKING SEND ðŸ’¸ðŸš€ðŸ’¸ðŸš€ðŸš€ðŸ’¸ðŸš€ðŸ˜ˆðŸ¤©ðŸ¤ªðŸš€,39,208,82,70,179,80
22-01-2021,12,GME,BlackBerry (why it will go up to $180 ðŸš€),37,221,239,72,203,222
21-01-2021,1,GME,This guy must be apart of WSB.,11,45,21,12,45,20
17-01-2021,30,GME,The MAN has tweeted. Papa Cohen,55,284,149,95,257,136
27-01-2021,10,GME,"People are asking, what is the next GME? BB? AMC? What should I buy? THE NEXT GME IS GME, WHEN IT HITS $5000. STAY STRAPPED IN LADIES AND AUTISTS",20,74,39,28,70,35
27-01-2021,6,GME,WSB ETF ðŸš€ ðŸš€ ðŸš€,28,137,54,42,120,57
27-01-2021,4,GME,We did it! Buy the rip,13,82,53,32,75,41
25-01-2021,1,GME,"Daily Discussion Thread for January 25, 2021",64,330,98,96,291,105
21-01-2021,61,GME,Groupthink and Tribalism on WSB,48,279,135,110,131,221
25-01-2021,3,GME,"January 25th, 2021 GME Battle Diary: 4:00AM - 4:00PM",25,79,35,31,56,52
24-01-2021,17,GME,Nokia $NOK Debunking common myths. And a look at recent news.,64,221,161,77,197,172
23-01-2021,7,GME,GME Gainz (so far) - 2k into 31k,39,155,80,67,121,86
18-01-2021,2,GME,DD: How to grow your own gourds. You can even make knots out of them ($ROPE),35,127,57,36,103,80
10-01-2021,1,GME,"Tesla's $25,000 Electric Car Coming Sooner Than Expected, 2022 Launch Hinted ðŸš€ ðŸš€",50,232,98,66,191,123
21-01-2021,4,GME,Hold strong and see you on the moon BB Gang!!! ðŸš€ðŸš€ðŸš€,22,98,84,48,102,54
26-01-2021,12,GME,Europoors gearing up!,39,167,72,53,159,66
22-01-2021,1,GME,"Shitron logging in on their ""state of the art systems"" for web conference",19,72,33,21,55,48
27-01-2021,10,GME,Be prepared! Donâ€™t let euphoria be your downfall!,66,256,140,97,194,171
25-01-2021,40,GME,Comparing the GME squeeze to the VW squeeze needs to stop.,61,198,163,81,153,188
19-01-2021,18,GME,"GME - EndGame Part 2: Cohen, Market Cap, Potential Investors",41,160,138,49,128,162
27-01-2021,6,GME,The $GME WSB Movie just got way cooler with a Pepe Silvia Twist & Weird Hostile Takeover Angle? Cramer - Give me a Pulitzer.,28,79,47,43,58,53
30-12-2020,3,GME,To the moon ðŸ»ðŸ»ðŸ»ðŸš€ðŸš€ðŸš€ðŸŒ•,4,41,29,13,32,29
30-12-2020,2,GME,The war crime that is r/dividends,71,262,140,111,164,198
14-01-2021,5,GME,WSB Basic Training,11,46,17,15,36,23
25-01-2021,6,GME,"$30,000 into $BB and $NOK!! LET'S GO RETARDS!",28,144,57,39,149,41
20-01-2021,1,GME,Homer gets a call from his stock broker,11,18,20,12,17,20
25-01-2021,3,GME,I AINT SELLIN ðŸš€ðŸš€ðŸš€ðŸš€ BB TO THE FUCKING MOOONN ðŸŒ‘ðŸŒ‘ðŸ’ŽðŸ’ŽðŸ¤ðŸ¤ðŸš€ðŸš€ðŸš€ðŸš€ðŸš€,29,130,102,49,142,70
30-12-2020,1,GME,In case you are on the same boat (PLTR),50,170,95,59,137,119
27-01-2021,2,GME,Chamath just made the most important argument defending us that has ever existed. This interview is on CNBC isðŸ”¥ðŸ”¥ðŸ”¥.,10,45,23,12,31,35
13-01-2021,7,GME,WSB austists after YOLOing GME and making their parents salary in one night,15,51,27,26,39,28
05-01-2021,1,GME,Patrick Bateman finds out about GME,13,66,46,14,55,56
19-01-2021,6,GME,Remember when Citron Research was bullish on LUCKIN ($LK) and it turned out to be one of the biggest accounting/security frauds in recent history? Another prominent Luckin shareholder that was left holding the bag? Melvin FUCKING Capital. ðŸ’Žâœ‹ðŸ’Ž I'M NOT FUCKING SELLING! ðŸ’Žâœ‹ðŸ’Ž ðŸš€ðŸš€ðŸš€ðŸš€ðŸš€ðŸš€ðŸš€,32,74,25,40,41,50
22-01-2021,33,GME,GME MOASS Update: ORTEX Data (1/22/21),69,248,178,118,157,220
27-01-2021,12,GME,Mods PLEASE ban new accounts from posting,23,54,34,33,38,40
21-01-2021,3,GME,Lord of the Squeeze,11,54,34,22,44,33
15-01-2021,4,GME,CAN WE PLEASE MOD THIS MAN ðŸš€ðŸš€ðŸš€ðŸš€,32,108,73,50,92,71
17-01-2021,27,GME,If you're confused about your current long position in GME...,45,203,99,76,149,122
26-01-2021,3,GME,"I can literally buy a Tesla with $800 now (I wonâ€™t, Iâ€™ll buy more GME of course)",21,66,44,29,55,47
22-01-2021,6,GME,"Weekend Discussion Thread for the Weekend of January 22, 2021",93,271,137,158,180,163
25-01-2021,2,GME,RETARDED BB ROCKET READY FOR LIFTOFF TO PLUTO!!! ðŸš€ðŸš€ðŸš€ðŸš€,13,95,46,26,100,28
24-01-2021,4,GME,"Apparently, GameStop knew about this sub before you Autistics knew about them...",18,55,36,27,45,37
25-01-2021,9,GME,Why I'm in on ðŸš€Nokia (NOK) - DD,29,162,96,41,162,84
21-01-2021,2,GME,Andrew Left's Apology to WSB,16,45,40,20,42,39
27-01-2021,1,GME,GME WAS STOPPED AT $269.69 THIS IS A SIGN OF THE WSB GODS THAT WE ARE GOING TO THE FUCKING NEXT STAR SYSTEM! HOLD THE LINE NOT FUCKING SELLING ðŸš€ðŸš€ðŸš€ðŸš€,9,24,9,12,20,10
20-01-2021,8,GME,"$BB warrior here, but I bought 100 $GME yesterday to do my part.",18,104,82,28,118,58
26-01-2021,14,GME,"S3 PARTNERS SAYS TO ""PREPARE FOR ANOTHER ROUND"" IN $GME SQUEEZE!",48,197,98,90,128,125
19-01-2021,3,GME,WBS's Market March for GME,14,81,25,23,58,39
15-01-2021,42,GME,In case anyone missed it.....GME 4EVER!!,45,270,162,104,218,155
26-01-2021,8,GME,GME Update - Why Iâ€™m proud of you degenerates for making history,24,69,58,27,67,57
28-01-2021,16,GME,"If you want to know when to sell, read this.",58,188,97,76,160,107
28-01-2021,5,GME,DeepFuckingValues Pay Day,21,104,84,33,100,76
14-01-2021,1,GME,WE HAVE THE POWWWWWEEEEERR,19,66,35,19,54,47
25-01-2021,23,GME,MOATA/DD for the MOASS - There will be more than one GME Squeeze,81,231,165,110,166,201
24-01-2021,5,GME,"GME, will light one up for thee",9,65,50,21,59,44
27-01-2021,1,GME,BUY AND HOLD GAMESTOP THEY HAVENT CLOSED SHIT ITS FAKE FUCKING NEWS IF WE KEEP IT UP TILL FRIDAY THEYLL LOSE FUCKING BILLIONS,10,29,12,14,19,18
23-01-2021,14,GME,"Meanwhile, in XL Fleet... (the stock Citron actually Long'd)",35,134,65,72,80,82
28-01-2021,5,GME,"The real DD on SLV, the worlds biggest short squeeze is possible and we can make history",70,267,156,92,229,172
26-01-2021,6,GME,"One hell of a journey. Thanks for changing my life WSB, GME, DFV and many other OG bulls. $0 -> $175k -> -$100k -> $1.3m",13,61,47,29,37,55
23-01-2021,54,GME,"Considering YOLOing entire ROTH IRA balance into GME. I need confirmation bias, dammit.",62,251,178,109,168,214
08-01-2021,2,GME,TSLA went up another 0.25 Toyotas today. TSLA's daily movements can now be visualized as number of Toyota market caps.,40,139,79,63,109,86
31-12-2020,9,GME,Me sitting here waiting for the $GME rockets to finish fueling and watching everything go red this morning.,22,65,52,44,51,44
28-01-2021,17,GME,"HOORAY FOR CHARLES PAYNE! â€œThe shorts have had their way with the market for decades, and no one has ever complained about it, so i am thrilled, that individual investors are playing the same game, and now you (big hedge funds) are losingâ€ - Charles Payne.",74,280,145,109,179,211
01-01-2021,1,GME,My stocks be like,8,29,13,15,12,23
15-01-2021,18,GME,"Cathie added 497100 share of PLTR to ARKW today, you know what that means.",37,221,109,66,200,101
03-01-2021,2,GME,Accurately predicted future of Melvin and GME ðŸš€ðŸš€ðŸš€,9,60,31,18,46,36
15-01-2021,1,GME,"GME gang, itâ€™s never too late. ðŸš€ðŸš€ðŸš€ðŸš€ðŸš€",24,86,57,35,75,57
22-01-2021,2,GME,No Selling ðŸ’ŽðŸ™Œ,8,32,14,8,28,18
06-01-2021,14,GME,Thanks TSLA for 1092% gains in 2020!,56,244,163,100,157,206
27-01-2021,2,GME,Never forget ðŸš€,12,30,21,18,28,17
18-01-2021,18,GME,GME: Build Your Own PC..... What does that remind you of?,43,146,59,58,101,89
05-01-2021,12,GME,GME Gang: We Need to Complain about Naked Short Selling,84,218,104,129,140,137
22-01-2021,7,GME,$270K profit from $GME calls. Don't worry I haven't sold a single share. Will put profit into more $GME shares. This is the way ðŸš€ðŸš€ðŸš€ðŸš€ðŸš€ðŸš€ðŸš€ðŸš€,13,79,47,32,62,45
27-01-2021,16,GME,Friday 1/29/21 GME Expiry Date Means Nothing. Don't buy into the hype - shorts aren't just afraid of this Friday. Come down the rabbit hole with me.,55,197,126,74,155,149
30-12-2020,4,GME,"Decay my sweet babies, decay.",47,153,108,65,103,140
23-01-2021,9,GME,I listened to Andrew Left.......,56,207,81,92,157,95
28-01-2021,18,GME,They want to say we dont know fundamentals? 250% float isnt fundamental,50,148,90,74,100,114
26-01-2021,9,GME,Theyâ€™re trying to distract. HOOOLLLLLDDDDDD ðŸš€ ðŸš€ðŸš€ðŸš€,20,65,29,22,49,43
25-01-2021,9,GME,"Melvin is getting a bailout, first battle won",42,168,81,62,113,116
14-01-2021,11,GME,$BB Is going to take off like a literal rocket,59,270,143,106,226,140
11-01-2021,6,GME,GME Tendies Train About to Leave,36,176,126,59,183,96
26-01-2021,4,GME,Incoming Chapter 11's ðŸ™ŒðŸ’ŽðŸš€ðŸš€ðŸš€,46,104,38,46,77,65
21-01-2021,6,GME,MarketWatch listing BB as a top Tech stock to buy now,19,118,72,46,79,84
18-01-2021,7,GME,MLK Weekend When You're in the PLTR and TSLA Gang,11,62,35,20,53,35
25-01-2021,7,GME,"Remember, GME closing above Friday (+20%, even +10%) is a LOT of pressure on shorts",28,115,66,36,89,84
27-01-2021,21,GME,GME: 1/26 status report. Shorts lost $5B today alone. Fees increasing. MM to cover on Monday 2/1. And more.,81,210,140,97,200,134
27-01-2021,1,GME,Me buying 3 shares at $365,7,25,23,7,32,16
21-01-2021,2,GME,Footage of $BB using ðŸš€ to ðŸŒ‘,17,122,75,35,112,67
27-01-2021,6,GME,LINK TO REPORT TD AMERITRADE FOR ILLEGAL ACTIVITY,22,70,26,30,53,35
27-01-2021,21,GME,Former NOK Bull Speaks Out,53,244,155,102,176,174
23-01-2021,18,GME,Palantards unite ðŸš€ðŸš€ðŸš€ $50 by end of Feb ðŸš€ðŸš€ðŸš€ðŸš€ðŸš€ðŸš€ðŸš€ðŸš€ðŸš€,40,173,138,55,191,105
16-01-2021,41,GME,"Theyâ€™re really mad at us boys. We cost them almost $1b in a day. Now is the time, dig in and fucking hold. Ill see you on the moonðŸš€ðŸš€ðŸš€ðŸš€",95,248,127,156,143,171
25-01-2021,8,GME,$NOK Next stock to blow,26,175,106,50,162,95
23-01-2021,3,GME,These were the comments you all were posting 1 year ago to deepfuckingvalue when the stock was under $10. Today youâ€™re buying in the $60â€™s. Just an observation.,16,75,62,30,54,69
18-01-2021,16,GME,"My $247,688 GME YOLO",41,145,93,59,129,91
24-01-2021,27,GME,"$BB will moon in the short term, but not because of fundamentals.",61,211,157,88,189,152
27-01-2021,10,GME,"STOP BEING GREEDY, GME IS THE WAY FORGET AMC, BB, NOK WE DONT HAVE THE LIQUIDITY FOR IT ALL, GME to 500 IS ALL TOO POSSIBLE WE CAN DO THIS",35,65,33,35,59,39
26-01-2021,3,GME,"If you ever feel paper hands taking over, just remember:",16,51,68,15,88,32
11-01-2021,15,GME,GameStop Announces Additional Board Refreshment to Accelerate Transformation,36,177,92,63,134,108
13-01-2021,2,GME,$GME gang today,4,32,26,10,29,23
15-01-2021,2,GME,BB ðŸš€ðŸš€ðŸš€ðŸš€ðŸš€ðŸš€ðŸš€,16,93,59,29,82,57
21-01-2021,19,GME,"How I Blew Up My Account Today and Lost $90,000",70,263,127,123,179,158
27-01-2021,7,GME,GME UP 100% IN GERMANY... currently at almost 290$,55,244,86,73,236,76
27-01-2021,2,GME,You GME retards better not be selling right now,18,35,26,20,34,25
08-01-2021,5,GME,WSB - FD Shop,10,48,30,16,36,36
24-01-2021,21,GME,Stop talking about $GME as if it's going to moon to $1k Monday - the Volkswagen squeeze took months. You'll only encourage paper hands to sell faster,77,244,127,101,201,146
28-01-2021,10,GME,"NY Times on our GME run: ""Propelled by a mix of greed and boredom...""",83,201,115,109,143,147
23-01-2021,8,GME,$BB Weekend Due Diligence - Confirmation Bias - Diamond Hands ðŸ’Ž ðŸ™Œ Motivation - Why ðŸŒˆ ðŸ»â€˜s Will Drown in BBâ€™s Economic MOAT - Get Your One Way Ticket To the Moon ðŸš€ ðŸŒ™,49,141,122,49,121,142
20-01-2021,15,GME,Citron Research In A Nutshell. $GME holders read.,42,153,82,56,124,97
14-01-2021,4,GME,$GME - King autist demands his tendies,10,28,23,10,28,23
10-01-2021,7,GME,I am so proud of this community and especially the mods with regards to the discussions around the current political landscape.,54,159,69,74,113,95
11-01-2021,9,GME,GME Adds three new board members including Ryan Cohen and two other ex chewy personnel. GME up 8% in premarket ðŸš€ðŸš€ðŸš€ðŸš€ðŸš€,29,110,66,47,83,75
26-01-2021,2,GME,All in on BB bitches let's take the world to the moon ðŸš€ðŸš€ðŸš€ðŸ¤‘ðŸ¤‘ðŸ¤‘,29,159,66,38,164,52
22-01-2021,7,GME,Retard Aussie Here. 15K USD ALL IN $GME and $BB ðŸš€ðŸš€ðŸš€,32,97,65,50,74,70
21-01-2021,9,GME,God our wives boyfriends will be so happy ðŸš€ðŸš€ðŸš€ðŸš€,10,63,41,19,39,56
27-01-2021,2,GME,"They want u to sell, DONT SELL donâ€™t sell donâ€™t sell donâ€™t sell donâ€™t sell donâ€™t sell donâ€™t sell donâ€™t sell donâ€™t sell",2,28,8,4,27,7
20-01-2021,5,GME,Shoutout to the hottest cell phone manufacturer of 2004 and also Fidelity for letting me take out 550k on margin,38,141,75,51,108,95
15-01-2021,10,GME,This is the most retarded thing I have ever done getting swept up in this GME Hype.,38,123,47,60,81,67
27-01-2021,7,GME,"Steven Cohen, founder of Point72 Ventures who bailed out Melvin Capital, directly calling out WSB on Twitter",59,116,49,58,107,59
24-01-2021,4,GME,"What Are Your Moves Tomorrow, January 25, 2021",74,297,125,113,229,154
24-01-2021,31,GME,What Everyone is Getting Wrong About GME,52,157,92,73,100,128
22-01-2021,1,GME,Congrats REDDIT ARMY AKA WSB!! You took on Citron and won!,36,76,28,50,54,36
28-01-2021,6,GME,"(Safe for Work) An Open Letter to CNBC and Its Contributors: Through Either Ignorance or Bad Faith, You Are Getting This Wrong.",19,106,79,36,68,100
15-01-2021,1,GME,ðŸš€Cramer said rocket ship emojis on television while talking after talking about GMEðŸš€,19,77,36,37,52,43
26-01-2021,4,GME,Chamath just called game.,13,70,40,17,57,49
28-01-2021,19,GME,Call your brokerage and demand compensation for todayâ€™s outage! I got $200+ from TDA!,71,119,80,83,95,92
31-12-2020,1,GME,Buy $PLTR calls they said,11,68,32,21,52,38
26-01-2021,5,GME,Bought $700K of GME today. Upgrading $GME to $240 price target,16,70,43,23,61,45
14-01-2021,1,GME,The Big Squeeze | The Story Of GME's Parabolic Move,13,51,35,26,44,29
26-01-2021,9,GME,"I was up by 16K with GME, money Iâ€™ve never seen in my account before, almost cried when it went down to low 60$ per share. Just so you know, you are not alone fighting, still holding. GME to the ðŸš€ ðŸŒ",24,110,86,39,98,83
15-01-2021,11,GME,The battle resumes on Tuesday,25,84,51,44,63,53
20-01-2021,5,GME,BB READY FOR THE MOON ðŸŒ™ðŸš€ðŸš€ðŸš€,26,122,77,48,118,59
24-01-2021,11,GME,PSA: Mental Health and YOU (Community edition),40,144,84,71,91,106
17-01-2021,3,GME,You bastards made the Barronâ€™s,24,66,32,33,45,44
27-01-2021,31,GME,"Doing my part , BB will take off soon ðŸš€ðŸš€ðŸš€ðŸš€",28,189,95,49,177,86
25-01-2021,10,GME,Helping the BB gang lol letâ€™s go retards!!! ðŸ’ŽðŸš€ðŸ’ŽðŸ’¸ðŸš€ðŸ’¸,22,116,43,48,101,32
26-01-2021,1,GME,An in-depth analysis of what would happen if we all held onto GME,11,39,36,11,50,25
27-01-2021,2,GME,LIVE FOOTAGE OF MELVIN CAPITAL $GME,7,28,19,6,31,17
22-01-2021,5,GME,You Idiots Helped Me Make 2 Years of Passive Income in One Day,19,60,32,12,60,39
27-01-2021,6,GME,"January 27th Short interest 139%! Donâ€™t sell, their lying to us. Stay strong ðŸš€ðŸš€",14,42,15,15,35,21
27-01-2021,2,GME,"Poor as dirt, $40 in my account after paying rent, you boys are helping me put food on the table this week.",6,47,16,14,20,35
16-01-2021,4,GME,Me investing in BB last on Friday,25,111,78,43,101,70
26-01-2021,15,GME,Shitron finally spoke,67,185,88,78,120,142
26-01-2021,18,GME,Melvin capital may have just liquidated their AUM after hours,55,148,74,74,102,101
22-01-2021,33,GME,GME - I think this is a Gamma Squeeze where dealers COULD NOT hedge fast enough,83,227,173,93,128,262
22-01-2021,2,GME,Still Holding ðŸ’ŽðŸ–ðŸ»ðŸš€ðŸš€ðŸš€,9,48,25,17,35,30
01-01-2021,1,GME,To the moon right guys,8,36,29,18,36,19
15-01-2021,8,GME,BB GANG - DONT STOP TILL WE REACH THE MOON OF FUCKING ENDOR ðŸš€ðŸš€ðŸš€ðŸš€ðŸš€ðŸš€ðŸš€ðŸš€,71,240,146,114,217,126
23-01-2021,6,GME,The GME corporate offices absolutely rolling in cash rn,21,101,56,30,78,70
19-01-2021,2,GME,Look what we did,9,38,20,13,30,24
14-01-2021,6,GME,BlackBerry a phone company?,26,127,77,53,102,75
23-01-2021,8,GME,Your gains are significant too,23,114,82,46,61,112
21-01-2021,1,GME,Shitronâ€™s presentation on GME tomorrow ðŸŒˆðŸ» GME is ready for launch ðŸš€ðŸš€ðŸš€ðŸš€ðŸš€ðŸš€ðŸš€ðŸš€ðŸš€ðŸš€,8,31,21,14,24,22
17-01-2021,3,GME,BB Blast Off Official Trailer,22,124,79,41,122,62
30-12-2020,3,GME,Guess who made it into Yahoo Finance's news brief this morning,18,48,20,29,35,22
20-01-2021,1,GME,How It Felt Holding $GME With All Of You Guys Today. FUCK CITRON! See You Guys @ $100,9,44,12,13,32,20
24-01-2021,15,GME,Benzinga claims PLTR is running solely because of us.,80,180,93,109,111,133
13-01-2021,8,GME,Jimmy Boy might be pickup up the GME story ðŸš€ðŸš€ðŸš€ðŸš€ðŸš€ðŸš€,36,143,63,49,127,66
26-01-2021,4,GME,â€œThe markets can remain irrational longer than you can remain solvent.â€ - John Maynard Keynes,9,33,11,11,20,22
11-01-2021,1,GME,"If you want to learn how to trade please DONâ€™T listen to people who made all of their gains this year, they have no clue what theyre talking about",42,114,58,53,87,74
27-01-2021,5,GME,Yolo update: tomorrow I become a millionaire! GME TO THE MOON!!!ðŸš€ðŸš€ðŸš€ðŸš€ðŸš€ðŸš€ðŸš€ðŸš€ðŸš€ðŸš€ðŸš€ðŸš€ðŸš€ðŸš€ðŸš€ðŸš€ðŸš€,17,61,54,26,40,66
26-01-2021,3,GME,Start writing letters and emails to your state representatives.,33,88,65,38,70,78
18-01-2021,7,GME,"Don't buy $BB calls, buy $BB shares - Here's why",58,238,179,97,178,200
27-01-2021,2,GME,The Big Short Squeeze,8,32,27,11,36,20
25-01-2021,4,GME,Just from Premarket. Im so fucking wet for today.,19,63,42,23,59,42
26-01-2021,2,GME,Bloomberg actually thinks we invest based on emojis ðŸ¤£ðŸ˜‚ðŸ™ŒðŸ¼ðŸ˜‚ðŸ¤£ðŸ˜‚,24,126,31,46,97,38
26-01-2021,12,GME,"For $GME to infinity squeeze to the most valuable company on Earth, the share price would temporarily have to hit $34,000 each.",36,155,96,47,116,124
18-01-2021,12,GME,Someone is Mad He Didn't Get a Call Back.,38,85,46,57,70,42
19-01-2021,18,GME,"GME Negative Float. The most Bullish, Misunderstood Aspect that EVERYONE needs to read. Rally the troops, my brothers, for the war could be over very soon.",46,251,138,82,191,162
22-01-2021,6,GME,"Todayâ€™s top Option ROIs (Friday, 1/22)",25,115,81,36,88,97
21-01-2021,1,GME,Tendieman BUMP HOUSE REMIX,5,46,21,13,37,22
04-01-2021,1,GME,Futures,8,40,10,9,33,16
14-01-2021,6,GME,$BB Weâ€™ve only just begun...,29,171,106,49,176,81
02-01-2021,1,GME,And Here. We. Go.,75,249,159,99,172,212
24-01-2021,4,GME,GAINS: PLTR + GME Combined $210k on Friday alone. $300k+ since the first of the year. Not Selling Yet!,14,101,52,37,58,72
26-01-2021,4,GME,"GME #1 on Google Trends yesterday, 4x more searched than the next highest",7,38,24,12,27,30
26-01-2021,10,GME,New GME member orientation before blast off: The squeeze has not been squoze (ðŸ’ŽðŸ™Œ = ðŸš€ðŸš€ðŸš€),30,104,55,47,76,66
01-01-2021,1,GME,"In honor of the true savior of 2020, an enhanced version (48MP) of the famous depiction of his holiness",10,35,17,10,34,18
27-01-2021,9,GME,GME UP TO 300 PRE MARKET!! THE FUNDS ARE TOTALLY FUCKEDðŸš€ðŸš€ðŸš€ðŸš€ðŸš€,72,254,126,89,229,134
26-01-2021,8,GME,BB partnership,33,147,54,49,119,66
27-01-2021,4,GME,"Andrew Tate: ""These people on reddit are geniuses! I'm in for 6mil We're taking out hedge funds"" ðŸš€ðŸš€ðŸš€ðŸš€",29,73,69,45,71,55
27-01-2021,3,GME,$600 to 163k in 14 days. GME has changed my life. ðŸš€ðŸš€ Absolutely thankful to every individual in this sub who helps keep this dynamic community of autists together with knowledge and humor.,4,20,20,12,9,23
23-01-2021,28,GME,PSA to Newbies & Amateur Investors Before You Lose It All,43,157,101,80,82,139
27-01-2021,12,GME,"BlackBerry ($BB), Why you need it.",48,135,76,60,129,70
24-01-2021,7,GME,Lawsuits Will be Filed as scare tactics,64,144,61,76,93,100
27-01-2021,1,GME,"Iâ€™ve shared this GME movement with many of my friends and family (fueling the fire, spreading the wealth, bragging about legendary gains). A lot of them ask me, â€œBut why GameStop? Why?â€ Do you know what I tell them?",5,33,11,7,28,14
19-01-2021,1,GME,$BB getting recognized thanks to WSB,25,76,34,35,63,37
25-01-2021,1,GME,Would you like to know more?,5,33,35,8,36,29
06-01-2021,5,GME,"Forget the SEC, I took the GME cause to the media",16,80,42,30,67,41
24-01-2021,14,GME,Holding strong. Will I be a millionaire? ðŸš€ðŸš€ðŸš€,49,180,82,65,135,111
03-01-2021,35,GME,ðŸš€ðŸ’ŽðŸ™Œ GME (Almost-)ULTIMATE DD ðŸ™ŒðŸ’ŽðŸš€,48,227,190,81,203,181
17-01-2021,11,GME,TUESDAY IS COMING CHILDREN!!!!!!!! $GME $GME $GME ROCCCKEKEEETTTSSSSSSSSSSSSS,26,88,42,35,80,41
07-01-2021,5,GME,Tesla gainz from a loan yolo thank u papa,19,117,81,50,89,78
20-01-2021,1,GME,bamboozled,30,84,34,36,68,44
15-01-2021,6,GME,Just Doing My Part. Repositioned Entire Retirement Account Into $GME. ðŸŒˆðŸ» Fukd. ðŸŒˆMelvin Fukd. ðŸš€ðŸš€ðŸš€ðŸš€ðŸš€,33,116,71,57,99,64
20-01-2021,9,GME,Literally every negative article about GameStop basically says we pumped the stock and they get paid by â€œsomeoneâ€ to write it. Pretty sure I know who that someone is...,27,82,43,46,52,54
27-01-2021,2,GME,PSA: Bots are on the Discord and they will manipulate you,11,17,7,7,14,14
26-01-2021,5,GME,The Night Before the Squoze,30,123,68,45,109,67
26-01-2021,2,GME,Melvin founder once investigated for insider trading.,20,28,12,18,24,18
31-12-2020,1,GME,literally just burning money smh,14,54,23,16,50,25
19-01-2021,3,GME,Shoutout to You Gay Mods,18,38,21,22,26,29
26-01-2021,3,GME,wearing this with pride today ðŸ¥² I love you beautiful retards so much,9,24,19,10,21,21
19-01-2021,4,GME,"For my GME brothers, hang on! ðŸš€ðŸš€",7,37,26,14,29,27
13-01-2021,5,GME,I FUCKING LOVE YOU GUYS,15,53,36,36,36,32
16-01-2021,9,GME,"$BB Story time for you miserable souls that bought the top... gather round my camp fire ðŸ”¥ lads, let me polish your ðŸ’Ž ðŸ™Œ until the mythical piercing green dildo will penetrate us so hard we get sent to the fucking moon ðŸš€ ðŸŒ™",38,214,126,92,127,159
19-01-2021,1,GME,"Palantir & PG&E multi-year, multi-million-dollar contract marks the first time Palantirâ€™s Foundry software is being used by a major U.S. utilityâ€™s operations ðŸš€ðŸš€ðŸš€",14,75,35,29,39,56
27-01-2021,4,GME,ESTIMATED short interest for GME is still at 140% the squeeze hasn't even been squoze yet. We'll have some official numbers tonight,30,78,65,42,67,64
18-01-2021,14,GME,"PSA: Please stop using ""Market Orders"" and Instead Use ""Limit Orders""",62,204,107,84,141,148
15-01-2021,7,GME,"Had to close out because they expire today, I turned my stimulus check into $11k",14,104,42,24,91,45
19-01-2021,1,GME,Cathie Wood Plans to Start Gourd ETF After Dominating With ARKK,11,61,27,16,58,25
13-01-2021,33,GME,GME - EndGame: DTC Infinity.,40,193,167,76,131,193
11-01-2021,1,GME,GME Gang stay strong ðŸ’ŽðŸ™Œ For the rest: Last chance to jump on the train,10,52,33,13,50,32
20-01-2021,3,GME,"YOU GET BB SHARES, YOU GET BB SHARES - TO THE MOON!! ðŸš€ðŸš€ðŸš€ðŸš€ðŸš€ðŸš€",9,55,43,18,60,29
01-01-2021,7,GME,"New year, new GME ðŸš€ðŸš€ðŸš€",9,40,16,13,28,24
25-01-2021,2,GME,NOK ðŸš€ðŸš€ðŸš€ðŸš€ðŸš€ðŸš€ðŸš€ðŸš€ðŸš€ðŸš€,12,85,48,31,78,36
16-01-2021,13,GME,"Kurt James Wolf, employee with title Director at Gamestop sold shares for a total value of $17,188,200.00 on 1/13/2021, the largest insider trading event in Gamestop's history since 2013...at an average share price of $21.22, completely missing yesterday's big green dildo",36,80,60,47,65,64
14-01-2021,11,GME,I accidently bought GME calls for the wrong year,19,81,39,35,51,53
26-01-2021,9,GME,The cunts halted GME AGAIN!,56,181,67,75,149,80
26-01-2021,4,GME,"S3 founder Bob Sloan: ""You are going to see GameStop go way higher.â€",25,75,28,42,42,44
23-01-2021,9,GME,BB - developing smart city patents,46,156,78,70,114,96
07-01-2021,1,GME,My portfolio after buying options that some autist put ðŸš€ðŸš€ next to,7,27,10,10,21,13
13-01-2021,1,GME,"We made it to TheStreet GME savants expect Cramer to give us a shoutout tonight, THE BOOMERS ARE WAKING UP ðŸš€ðŸš€ðŸš€ðŸŒ•",10,26,11,9,29,9
20-01-2021,3,GME,BB gang all the way to the moon!! ðŸš€ðŸš€ Papa ChenðŸš€ðŸš€,12,78,30,16,63,41
19-01-2021,2,GME,THE PHANTOM OF WSB (original lyrics and vocals),12,49,56,17,40,60
11-01-2021,1,GME,PALANTIR TECHNOLOGIES INC-A Target Px increased to 30 USD by Jefferies. First bullish analyst on WS,31,126,58,49,105,61
27-01-2021,9,GME,Jim Cramer Says WallStreetBets and Reddit Has Altered Market Psychology,26,82,44,32,62,58
22-01-2021,1,GME,Remember we're not selling for just 420.69,3,23,19,7,25,13
10-01-2021,1,GME,Korean news reporting that Apple and Hyundai are in the final stages of a deal and will start production of the Apple car as early as 2024,40,226,136,78,164,160
16-01-2021,32,GME,$GME DD- Build-a-PC Kiosks Coming,44,208,134,86,123,177
16-01-2021,6,GME,PLTR FOLKS LISTEN IN - KARP AND COHEN TO MAKE >$188M PURCHASE OF PLTR WITHIN THE NEXT 30 DAYS,47,176,109,72,153,107
21-01-2021,1,GME,$GME In-Depth DD,5,50,33,15,37,36
26-01-2021,1,GME,"GME gains update, this retarded 18y/o ainâ€™t sellin yet",18,68,44,40,44,46
24-01-2021,37,GME,Expect more volatility for GME on Monday,70,266,158,121,164,209
26-01-2021,2,GME,Repeat after me: I'm not selling,12,78,30,17,76,27
26-01-2021,1,GME,The Shortsqueeze Redemption,8,53,23,14,50,20
27-01-2021,2,GME,Why would Citron cover at $90 when he believes its going down to $20?,14,29,12,24,11,20
22-01-2021,10,GME,GME DD: Float breakdown + MOASS speculations,23,117,106,48,70,128
20-01-2021,3,GME,Me watching everyone else blast off...,19,58,35,36,47,29
18-01-2021,2,GME,ðŸš€ðŸ’Ž A Message to GME Holders from Bogdanoff! ðŸš€ðŸ’Ž,12,41,23,15,39,22
25-01-2021,5,GME,"Last time I posted, I was temp banned because my yolo post wasn't at least a 10k investment. Well, I increased my position to 11k. ðŸš€ðŸš€ðŸš€",18,122,69,35,116,58
22-01-2021,1,GME,5 Reasons to buy GME feat Citron Research (Turn on audio),10,44,31,11,29,45
18-01-2021,3,GME,GameStop The Mother Of All Short Squeeze The Movie,11,43,46,12,35,53
13-01-2021,21,GME,For those who doubted $GME.,63,217,116,98,155,143
28-01-2021,3,GME,"Cramer should up his target to 1,420.69 and only then will honor be regained and balance restored!",19,49,19,14,54,19
20-01-2021,14,GME,GME on Tuesday: Why didn't the squeeze trigger? What about the shorts attack?,30,142,109,63,113,105
23-01-2021,2,GME,You degens have helped me realize the ðŸš€ðŸš€ðŸš€ life,7,23,11,8,15,18
17-01-2021,20,GME,"I called $GME about PC hardware, here's the audio! PC Gamer Components are coming to GameStop.",43,142,78,51,105,107
26-01-2021,4,GME,"As an elder millennial, please think twice before you pay off your student loans with hard earned tendies",21,93,59,40,48,85
15-01-2021,2,GME,Lmao $250 -> $7500 THANK YOU BB ðŸš€ ðŸš€ ðŸš€ 'bout to move out of my truck,22,105,59,24,90,72
08-01-2021,4,GME,"""Big Short"" investor Michael Burry predicts Tesla stock will collapse like the housing bubble",80,234,147,110,145,206
25-01-2021,13,GME,GME price action,38,96,58,47,83,62
30-12-2020,2,GME,Penis in a suit is about to get his shorts blown to bits by a bunch of retards,17,43,27,23,39,25
25-01-2021,6,GME,Remember that these people will do whatever it takes to keep you from making money. Fuqâ€™em,63,169,56,98,90,100
25-01-2021,10,GME,Goodbye rent and savings 1958 shares @4.66 NOK too the moon!,15,112,68,33,103,59
20-01-2021,3,GME,"Is there still room on the BB ship for one more very slow retard? I brought 5,800 troops with me, ready to report for duty!",10,62,57,32,45,52
19-01-2021,10,GME,Why the re-rise of BlackBerry and why it wonâ€™t stop here ðŸš€ðŸš€ðŸš€ðŸš€ðŸš€ðŸš€ðŸš€ðŸš€,35,149,87,59,126,86
24-01-2021,26,GME,Extremely extensive explanation of gamma squeeze and events that unfolded with GME stock on last Friday,59,180,109,82,116,150
20-01-2021,1,GME,PSA: Citron's GME short is not against WSB but against everyday investors,11,59,20,25,36,29
17-01-2021,15,GME,"GME - possible scenarios, FOMO and exit plans.",42,173,102,77,108,132
27-01-2021,19,GME,"Be wary GME army, these hedge funds are going to give one last hail mary before we fly this ðŸš€ðŸš€ðŸš€ðŸš€ðŸš€ into the fucking sun. To Valhalla brothers, never sell and as always DFV ðŸ–ðŸ–ðŸ–",91,214,102,97,171,139
25-01-2021,3,GME,Melvin is bleeding in the billions. Position: 100% all-in GME shares on a cash account.,21,85,27,35,62,36
25-01-2021,5,GME,[WSB discord] GME breaks through 100 pre-market ðŸš€,28,105,46,35,91,53
26-01-2021,1,GME,"Buy order for 48.5K shares at $80, retail about to come in hard at 9:30... we have them by the balls. Weâ€™re going on a trip in our favorite rocketship...",14,93,45,24,76,52
16-01-2021,12,GME,On GME and what to expect Tues/Wed (DD),55,194,146,84,147,164
21-01-2021,2,GME,CALLaway Part 6,21,104,75,34,80,86
25-01-2021,7,GME,Random Kiwi on my GME gains. ðŸš€ðŸš€ðŸš€ !!!,23,113,60,39,90,67
27-01-2021,2,GME,"Im a single Dad of 5, and decided to use my stimulus check for good. I bought my kids new clothes, and then put the rest into GME. Nothing but appreciation to you guys for turning 370 bucks into 4k. This is just the start!",13,36,32,20,33,28
14-01-2021,5,GME,ðŸš€ðŸš€$BB Gang ðŸš€ðŸš€ WELCOME TO MY ROCKET SHIP,37,180,88,58,165,82
14-01-2021,5,GME,To those still hodling $GME. I salute you,20,75,36,24,70,37
25-01-2021,2,GME,Today's squeeze was just like Friday's: BUY THE FUCKIN DIP,12,59,43,29,34,51
26-01-2021,3,GME,The Year is 2040:,6,35,22,15,28,20
26-01-2021,22,GME,Is NOK being promoted by outsiders? Multiple comments/posts in the three major investing subreddits are fairly new and talk about nothing but NOK.,31,132,94,59,87,111
21-01-2021,18,GME,"Aboard of $GME Rocket tomorrow ðŸš€ðŸš€ðŸš€ (Spare me with your awards, buy GME instead) ðŸ’ŽðŸ™Œ",13,91,51,35,62,58
25-01-2021,3,GME,BlackBerry released a statement regarding today's rocket launch ðŸš€,20,56,38,26,55,33
27-01-2021,2,GME,GME VOLUME IS LOW - SHORTS AREN'T COVERING - HOLD STRONG FOR SQUOZE - ðŸ’ŽðŸ™Œ,11,46,17,22,28,24
25-01-2021,5,GME,Boomer guide says I shouldn't pay more than $7 for GME,13,46,28,24,36,27
26-01-2021,1,GME,"GME gains before the dip ðŸ¤® Not reducing my position until $1,000!!! ðŸ¥œ",14,51,23,17,45,26
22-01-2021,18,GME,Why GMEâ€™s closing today is a sign that it will spike even more next week,34,153,107,80,98,116
27-01-2021,2,GME,"AOC Throwinâ€™ Shade At The Assholes On Wall Street. WE LIKE THE STOCK. FUCK WALL STREET, AND THEIR BS. ðŸš€ðŸš€ðŸš€ðŸš€$GME IS LEAVING THE GALAXY, FUELED BY OUR SPITE ðŸš€ðŸš€ðŸš€ðŸš€ POWER TO THE PLAYERS ðŸš€ðŸš€ðŸš€ðŸš€",9,28,17,11,16,27
27-01-2021,5,GME,An Appreciation Post to Everyone for Saving a part of our Childhood History. - GME,16,68,43,33,55,39
25-01-2021,2,GME,[GME] I lost 400k+ today. PLEASE JUST HOLD,20,45,35,37,40,23
11-01-2021,10,GME,"GME gang, hang on to your tits. :)",39,104,73,56,74,86
22-01-2021,5,GME,Blackberry ($BB) DD â€“ Why $BB is Mooning and heading to Mars $ðŸš€$ðŸš€$ðŸš€$,27,117,97,47,107,87
19-01-2021,15,GME,GME Leadership wants the squeeze to happen. How we may be able to tell the top.,48,193,119,74,159,127
27-01-2021,6,GME,$10k -> $425k. Itâ€™s been a wild week so far. My emotions have been all over the place. Itâ€™s great that weâ€™re all on this ride together.,17,77,42,28,47,61
26-01-2021,2,GME,"GME Gains. 1.3k to 30k, still not selling a thing fuck Melvin. Iâ€™m 22 finishing university with no job in sight, this will change my life.",7,29,14,12,24,14
02-01-2021,8,GME,Theyâ€™ll give you store credit for your shares.,13,44,29,28,32,26
14-01-2021,3,GME,WSB Declares Independence,17,64,33,13,67,34
06-01-2021,1,GME,Emergency American Politics Containment Zone,121,277,96,137,196,161
15-01-2021,48,GME,Gamestop Friday Notes - Short Sellers will loose ðŸš€ðŸš€ðŸš€,60,246,174,123,153,204
24-01-2021,9,GME,$BB and $NOK II: Return of the 90s,28,111,72,35,110,66
22-01-2021,7,GME,"$GME Thesis: We have near no effect on Gamestop's price, what's really happening and big brain shit inside -- oh and rockets",20,73,66,28,50,81
22-01-2021,12,GME,Update on GME VSA,15,47,36,31,35,32
26-01-2021,2,GME,"GME volatility was insane yesterday but I'm still holding the line ðŸ’ŽðŸ¤š Stay strong, we are in this together ðŸš€",4,44,27,13,44,18
27-01-2021,9,GME,Seriously who the hell is selling??,19,45,16,26,24,30
26-01-2021,17,GME,Bets being paid,35,131,70,53,107,76
23-01-2021,6,GME,"In December my account was down to 90k, down from my ATH of 150k. This month GME has singlehandedly revived my portfolio and then some. But guess what? IM NEVER FUCKING SELLING ðŸš€ðŸš€ðŸš€ðŸš€ðŸš€ GME PT- $5000.23 ðŸš€ðŸš€ðŸš€ðŸš€ðŸš€ obligatory positions: GME 1/22 22c, 4.1k shares",14,42,45,18,38,45
28-01-2021,1,GME,"Hold your ground, HOLD $GME",9,48,30,9,55,23
26-01-2021,9,GME,I'm doing my part! Are you doing yours? $GMEðŸš€ðŸš€ðŸš€ðŸš€ðŸš€,15,80,46,24,64,53
27-01-2021,22,GME,"$GME: Analysis of $1,000+ potential",55,223,133,87,180,144
27-01-2021,11,GME,BB TOO THE MOON!!!ðŸš€ðŸš€ðŸš€ðŸš€ I did my part did you do yours!?,36,131,78,54,141,50
09-01-2021,3,GME,Game of WSB (sound on for singalong),11,52,26,21,36,32
25-01-2021,1,GME,NOT FCKING SELLING! $NOK NOKIA,6,63,30,16,60,23
21-01-2021,1,GME,"GME - How shorts manipulated you, and how you can be better",5,40,39,19,25,40
15-01-2021,1,GME,GME - Revenge of the Shorts,11,16,12,7,20,12
25-01-2021,8,GME,"BB to the moon! Happy monday boyz! ðŸš€ðŸš€ðŸš€ðŸš€ Remember, diamond hands all the way up ðŸ‘‹ðŸ»ðŸ’Ž were in same boat",39,151,53,48,124,71
27-01-2021,3,GME,"DONT SELL YOUR GME, GET RID OF THE BB AND AMC AND NOK. FULL SEND GAMESTOP. WE GOT THIS YALL!!!!!!!!!!ðŸš€ðŸš€ðŸš€ðŸš€ðŸš€ðŸš€ðŸš€ðŸš€ðŸš€ðŸš€ðŸš€ðŸš€ðŸš€ðŸš€ðŸš€ðŸš€ðŸš€ðŸš€ðŸš€ðŸš€ðŸš€ðŸš€ðŸš€ðŸš€ðŸš€",15,45,24,14,33,37
04-01-2021,11,GME,$15k in NIO shares and $62k in calls purchased starting $42 last week,16,85,49,34,63,53
25-01-2021,4,GME,can we do the same for $AMC as we did for $GME,20,59,32,24,54,33
26-01-2021,3,GME,Give me tendies or give me death ðŸ’ŽðŸ™ŒðŸ¼ðŸš€ðŸš€ðŸš€,10,58,38,20,54,32
20-01-2021,6,GME,GME - Equity Research. Including Bear $32/Base $80/Bull $169,12,67,51,20,45,65
27-01-2021,37,GME,Clearing the air on â€œAMC being the next GME short squeezeâ€ this post explains why the two are different.,35,111,63,55,64,90
14-01-2021,6,GME,100% ALL IN GME ðŸš€ðŸš€ðŸš€ðŸš€ðŸš€,36,93,49,44,81,53
21-01-2021,4,GME,GME BOUGHT LIVE ON BENZINGA. ONE OF US ðŸš€ðŸš€ðŸš€ðŸš€ðŸš€ðŸš€ðŸš€ðŸš€ðŸš€ðŸš€,15,45,32,22,33,37
17-01-2021,5,GME,You guys know that BB's CEO gets a massive bonus if share price hits $16 and $20 right?,27,119,65,45,109,57
27-01-2021,3,GME,Up over a million AND Iâ€™M NOT FUCKING SELLING LETS GO NEVER BET AGAINST WSB WEâ€™RE ALL GETTING RICH IN HERE!!!!!!!!!!!!!!!,7,33,29,16,23,30
26-01-2021,1,GME,HOLD YOU RETARDS!! HOLDDDDD ðŸš€ðŸš€ðŸš€ðŸš€ðŸš€ðŸš€ðŸš€ðŸ’ŽðŸ–,12,55,16,18,46,19
21-01-2021,9,GME,update to my BB thesis from one year ago.,24,114,75,27,89,97
21-01-2021,3,GME,Added 10k more Shares GME. $420.69 or Bust! Fuck Melvin & Shitron!! ðŸ’Žâœ‹ðŸ¼ðŸ¥œ #DoinMyPart,10,37,27,15,34,25
27-01-2021,1,GME,These investment firms bankrupted our parents in 2008. Iâ€™ll ride GME until I die.,5,10,2,2,11,4
25-01-2021,4,GME,I am starting to doubt that we're the real retards. Seems to me that Bloomberg & Friends are much more retarded. (Src: Bloomberg),27,57,25,39,43,27
28-01-2021,11,GME,"Useful DD, particularly if today made you wary",33,133,79,49,97,99
25-01-2021,4,GME,Do I withdraw everything I own and buy AMC?,23,104,68,47,101,47
23-01-2021,10,GME,Tax Reduction Strategy for GME holders about to get bitch slapped by the IRS in 2021. Also a way to boost revenues to close out Q4 earnings (and beyond).,26,118,83,48,69,110
20-01-2021,7,GME,Sold my tesla shares to all in $BB ðŸ’Žâœ‹ 14k Margin,4,87,54,17,75,53
26-01-2021,4,GME,GME: Why Melvins bailout will lead to their demise,39,109,49,52,79,66
24-01-2021,22,GME,$BB Bear DD. The case against QNX.,49,202,160,76,120,215
15-01-2021,3,GME,$BB will be the phoenix that rises from the ashes,32,161,124,64,155,98
21-01-2021,4,GME,"Believe it or Not, BUY GME!",3,26,11,8,22,10
26-01-2021,2,GME,"Since Citadel invested in Melvin Capital, I prepared a small collection of news articles with the fines that they paid.",31,84,17,48,46,38
05-01-2021,12,GME,Attention All GME Paper Handed Money Haters,40,151,85,72,109,95
15-01-2021,2,GME,$BB - Who Doesnâ€™t Love a Comeback Story..,10,37,22,21,29,19
27-01-2021,8,GME,$BB letâ€™s make this happen. I did my part!,21,110,65,32,97,67
25-01-2021,7,GME,600k YOLO GME,24,100,49,40,84,49
27-01-2021,1,GME,STOP TELLING PEOPLE TO BUY CERTAIN STOCKS. This is against the sub rules! ALSO SHOUT OUT TO THE MODS **this isnâ€™t financial advice,8,16,9,7,16,10
21-01-2021,3,GME,Reported for duty this morning,8,26,24,15,24,19
27-01-2021,1,GME,There have been millions of words said on WallStreetBets over the last few hours. Hereâ€™s a visualization of some of them.,6,33,13,13,22,17
17-01-2021,18,GME,Legacy of WSB: GME short squeeze,60,199,119,83,146,149
27-01-2021,3,GME,Quit panicking. This stabilization of GME is good.,4,23,24,16,18,17
21-01-2021,9,GME,Update: On Citron's 5 reasons and how they might try to manipulate you tomorrow,11,67,59,28,34,75
13-01-2021,4,GME,"GME ðŸš€ðŸš€ðŸš€, i aint sellin'",24,102,43,34,98,37
,,,,,,,,,
,,,,,,,,,
,,,MEAN,44.13663845,,,,,
,,,,,,,,,
,,,MEDIAN,40,,,,,
,,,,,,,,,
,,,MODE,11,,,,,
,,,,,,,,,
,,,S.D,27.51815513,,,,,
,,,,,,,,,
,,,VARIANCE,757.2488618,,,,,
